日付,地裁・支部の名称,区分
R07/12/19,和歌山地方裁判所本庁,農地
R08/01/06,福岡地方裁判所田川支部,農地
R08/01/14,前橋地方裁判所高崎支部,農地
R08/01/15,前橋地方裁判所太田支部,農地
R08/01/16,宇都宮地方裁判所大田原支部,農地
R08/01/20,前橋地方裁判所桐生支部,農地
R08/01/21,前橋地方裁判所本庁,農地
R08/01/26,新潟地方裁判所長岡支部,農地
R08/01/26,神戸地方裁判所本庁,農地
R08/01/27,新潟地方裁判所本庁,農地
R08/01/27,神戸地方裁判所姫路支部,農地
R08/01/28,仙台地方裁判所本庁,農地
R08/01/29,横浜地方裁判所本庁,農地
R08/01/29,松山地方裁判所本庁,農地
R08/01/30,宇都宮地方裁判所足利支部,農地
R08/01/30,新潟地方裁判所三条支部,農地
R08/02/02,水戸地方裁判所土浦支部,農地
R08/02/02,静岡地方裁判所本庁,農地
R08/02/02,静岡地方裁判所沼津支部,農地
R08/02/02,静岡地方裁判所浜松支部,農地
R08/02/02,静岡地方裁判所富士支部,農地
R08/02/03,佐賀地方裁判所本庁,農地
R08/02/04,宇都宮地方裁判所本庁,農地
R08/02/05,福井地方裁判所本庁,農地
R08/02/06,金沢地方裁判所本庁,農地
R08/02/10,さいたま地方裁判所本庁,農地
R08/02/10,さいたま地方裁判所川越支部,農地
R08/02/10,千葉地方裁判所本庁,農地
R08/02/10,横浜地方裁判所小田原支部,農地
R08/02/10,神戸地方裁判所尼崎支部,農地
R08/02/10,徳島地方裁判所本庁,農地
R08/02/12,横浜地方裁判所横須賀支部,農地
R08/02/12,岐阜地方裁判所本庁,農地
R08/02/12,宮崎地方裁判所本庁,農地
R08/02/16,名古屋地方裁判所一宮支部,農地
R08/02/16,名古屋地方裁判所豊橋支部,農地
R08/02/16,長崎地方裁判所本庁,農地
R08/02/17,名古屋地方裁判所本庁,農地
R08/02/17,神戸地方裁判所姫路支部,農地
R08/02/17,鹿児島地方裁判所本庁,農地
R08/02/18,福島地方裁判所会津若松支部,農地
R08/02/18,甲府地方裁判所本庁,農地
R08/02/18,岐阜地方裁判所多治見支部,農地
R08/02/18,名古屋地方裁判所岡崎支部,農地
R08/02/18,津地方裁判所四日市支部,農地
R08/02/18,京都地方裁判所本庁,農地
R08/02/18,福岡地方裁判所八女支部,農地
R08/02/18,鹿児島地方裁判所鹿屋支部,農地
R08/02/20,津地方裁判所本庁,農地
R08/02/20,津地方裁判所伊賀支部,農地
R08/02/20,津地方裁判所伊勢支部,農地
R08/02/20,福岡地方裁判所行橋支部,農地
R08/02/24,新潟地方裁判所佐渡支部,農地
R08/02/24,神戸地方裁判所本庁,農地
R08/02/24,福岡地方裁判所本庁,農地
R08/02/24,福岡地方裁判所小倉支部,農地
R08/02/25,仙台地方裁判所本庁,農地
R08/02/26,和歌山地方裁判所御坊支部,農地
R08/03/03,青森地方裁判所弘前支部,農地
R08/03/03,水戸地方裁判所龍ケ崎支部,農地
R08/03/03,那覇地方裁判所本庁,農地
R08/03/04,水戸地方裁判所本庁,農地
R08/03/04,前橋地方裁判所高崎支部,農地
R08/03/06,宇都宮地方裁判所足利支部,農地
R08/03/09,水戸地方裁判所土浦支部,農地
R08/03/09,新潟地方裁判所本庁,農地
R08/03/09,新潟地方裁判所高田支部,農地
R08/03/09,静岡地方裁判所本庁,農地
R08/03/09,静岡地方裁判所沼津支部,農地
R08/03/09,静岡地方裁判所浜松支部,農地
R08/03/09,静岡地方裁判所富士支部,農地
R08/03/09,大津地方裁判所彦根支部,農地
R08/03/10,前橋地方裁判所桐生支部,農地
R08/03/10,千葉地方裁判所松戸支部,農地
R08/03/10,山口地方裁判所周南支部,農地
R08/03/11,盛岡地方裁判所遠野支部,農地
R08/03/11,前橋地方裁判所沼田支部,農地
R08/03/11,横浜地方裁判所小田原支部,農地
R08/03/12,青森地方裁判所八戸支部,通常
R08/03/12,前橋地方裁判所太田支部,農地
R08/03/12,福井地方裁判所本庁,農地
R08/03/12,大津地方裁判所長浜支部,農地
R08/03/12,徳島地方裁判所本庁,農地
R08/03/12,松山地方裁判所本庁,農地
R08/03/12,大分地方裁判所日田支部,農地
R08/03/12,宮崎地方裁判所本庁,農地
R08/03/12,鹿児島地方裁判所名瀬支部,農地
R08/03/13,札幌地方裁判所本庁,農地
R08/03/13,旭川地方裁判所本庁,農地
R08/03/13,福島地方裁判所相馬支部,農地
R08/03/13,宇都宮地方裁判所大田原支部,農地
R08/03/13,大阪地方裁判所堺支部,農地
R08/03/13,岡山地方裁判所本庁,農地
R08/03/13,岡山地方裁判所津山支部,農地
R08/03/13,高知地方裁判所本庁,農地
R08/03/17,福島地方裁判所本庁,農地
R08/03/17,さいたま地方裁判所熊谷支部,農地
R08/03/17,さいたま地方裁判所越谷支部,農地
R08/03/17,山口地方裁判所岩国支部,農地
R08/03/18,福島地方裁判所郡山支部,農地
R08/03/18,福島地方裁判所会津若松支部,農地
R08/03/18,宇都宮地方裁判所本庁,農地
R08/03/18,甲府地方裁判所本庁,農地
R08/03/18,長野地方裁判所佐久支部,農地
R08/03/18,岐阜地方裁判所本庁,農地
R08/03/18,山口地方裁判所本庁,農地
R08/03/18,福岡地方裁判所柳川支部,農地
R08/03/19,釧路地方裁判所本庁,農地
R08/03/19,青森地方裁判所本庁,農地
R08/03/19,水戸地方裁判所下妻支部,農地
R08/03/19,金沢地方裁判所本庁,農地
R08/03/19,長野地方裁判所本庁,農地
R08/03/19,長野地方裁判所松本支部,農地
R08/03/19,長野地方裁判所伊那支部,農地
R08/03/19,奈良地方裁判所葛城支部,農地
R08/03/19,松江地方裁判所本庁,農地
R08/03/19,高松地方裁判所本庁,農地
R08/03/19,大分地方裁判所本庁,農地
R08/03/23,神戸地方裁判所本庁,農地
R08/03/23,広島地方裁判所本庁,農地
R08/03/23,広島地方裁判所福山支部,農地
R08/03/23,長崎地方裁判所佐世保支部,農地
R08/03/24,釧路地方裁判所北見支部,農地
R08/03/24,山形地方裁判所本庁,農地
R08/03/24,福島地方裁判所いわき支部,農地
R08/03/24,東京地方裁判所立川支部,農地
R08/03/24,名古屋地方裁判所一宮支部,農地
R08/03/24,名古屋地方裁判所豊橋支部,農地
R08/03/24,大津地方裁判所本庁,農地
R08/03/24,神戸地方裁判所姫路支部,農地
R08/03/24,佐賀地方裁判所本庁,農地
R08/03/24,熊本地方裁判所本庁,農地
R08/03/24,鹿児島地方裁判所本庁,農地
R08/03/25,盛岡地方裁判所本庁,農地
R08/03/25,仙台地方裁判所本庁,農地
R08/03/25,岐阜地方裁判所多治見支部,農地
R08/03/25,名古屋地方裁判所岡崎支部,農地
R08/03/25,津地方裁判所四日市支部,農地
R08/03/25,大分地方裁判所中津支部,農地
R08/03/25,鹿児島地方裁判所鹿屋支部,農地
R08/03/26,山形地方裁判所鶴岡支部,通常
R08/03/26,横浜地方裁判所本庁,通常
R08/03/26,盛岡地方裁判所花巻支部,農地
R08/03/26,長野地方裁判所上田支部,農地
R08/03/26,松江地方裁判所浜田支部,農地
R08/03/27,津地方裁判所本庁,農地
R08/03/27,津地方裁判所伊賀支部,農地
R08/03/27,津地方裁判所伊勢支部,農地
R08/04/02,青森地方裁判所弘前支部,通常
R08/04/02,青森地方裁判所弘前支部,農地
R08/04/03,宇都宮地方裁判所大田原支部,通常
R08/04/03,新潟地方裁判所三条支部,通常
R08/04/03,静岡地方裁判所本庁,通常
R08/04/03,静岡地方裁判所沼津支部,通常
R08/04/03,静岡地方裁判所浜松支部,通常
R08/04/03,静岡地方裁判所富士支部,通常
R08/04/03,宇都宮地方裁判所大田原支部,農地
R08/04/03,新潟地方裁判所三条支部,農地
R08/04/03,静岡地方裁判所本庁,農地
R08/04/03,静岡地方裁判所沼津支部,農地
R08/04/03,静岡地方裁判所浜松支部,農地
R08/04/03,静岡地方裁判所富士支部,農地
R08/04/06,長崎地方裁判所本庁,通常
R08/04/06,長崎地方裁判所本庁,農地
R08/04/07,水戸地方裁判所龍ケ崎支部,通常
R08/04/07,水戸地方裁判所龍ケ崎支部,農地
R08/04/08,水戸地方裁判所本庁,通常
R08/04/08,水戸地方裁判所本庁,農地
R08/04/08,大分地方裁判所竹田支部,農地
R08/04/09,青森地方裁判所八戸支部,通常
R08/04/09,松山地方裁判所本庁,通常
R08/04/09,大分地方裁判所日田支部,通常
R08/04/09,松山地方裁判所本庁,農地
R08/04/10,旭川地方裁判所本庁,通常
R08/04/10,富山地方裁判所本庁,通常
R08/04/10,富山地方裁判所高岡支部,通常
R08/04/10,大阪地方裁判所本庁,通常
R08/04/10,和歌山地方裁判所本庁,通常
R08/04/10,岡山地方裁判所本庁,通常
R08/04/10,岡山地方裁判所津山支部,通常
R08/04/10,高知地方裁判所本庁,通常
R08/04/10,旭川地方裁判所本庁,農地
R08/04/10,富山地方裁判所本庁,農地
R08/04/10,富山地方裁判所高岡支部,農地
R08/04/10,岡山地方裁判所本庁,農地
R08/04/10,岡山地方裁判所津山支部,農地
R08/04/10,高知地方裁判所本庁,農地
R08/04/13,水戸地方裁判所土浦支部,通常
R08/04/13,新潟地方裁判所本庁,通常
R08/04/13,新潟地方裁判所高田支部,通常
R08/04/13,水戸地方裁判所土浦支部,農地
R08/04/13,新潟地方裁判所本庁,農地
R08/04/13,新潟地方裁判所高田支部,農地
R08/04/13,松江地方裁判所西郷支部,農地
R08/04/14,秋田地方裁判所大館支部,通常
R08/04/14,福島地方裁判所本庁,通常
R08/04/14,千葉地方裁判所本庁,通常
R08/04/14,千葉地方裁判所松戸支部,通常
R08/04/14,山口地方裁判所岩国支部,通常
R08/04/14,徳島地方裁判所本庁,通常
R08/04/14,那覇地方裁判所本庁,通常
R08/04/14,福島地方裁判所本庁,農地
R08/04/14,山口地方裁判所岩国支部,農地
R08/04/14,徳島地方裁判所本庁,農地
R08/04/14,那覇地方裁判所本庁,農地
R08/04/15,福島地方裁判所会津若松支部,通常
R08/04/15,前橋地方裁判所高崎支部,通常
R08/04/15,さいたま地方裁判所川越支部,通常
R08/04/15,横浜地方裁判所小田原支部,通常
R08/04/15,岐阜地方裁判所本庁,通常
R08/04/15,山口地方裁判所本庁,通常
R08/04/15,大分地方裁判所杵築支部,通常
R08/04/15,鹿児島地方裁判所鹿屋支部,通常
R08/04/15,福島地方裁判所会津若松支部,農地
R08/04/15,さいたま地方裁判所川越支部,農地
R08/04/15,横浜地方裁判所小田原支部,農地
R08/04/15,岐阜地方裁判所本庁,農地
R08/04/15,山口地方裁判所本庁,農地
R08/04/15,山口地方裁判所下関支部,農地
R08/04/15,大分地方裁判所杵築支部,農地
R08/04/15,鹿児島地方裁判所鹿屋支部,農地
R08/04/16,横浜地方裁判所本庁,通常
R08/04/16,福岡地方裁判所大牟田支部,通常
R08/04/16,宮崎地方裁判所本庁,通常
R08/04/16,鹿児島地方裁判所名瀬支部,通常
R08/04/16,京都地方裁判所舞鶴支部,特別売却
R08/04/16,横浜地方裁判所本庁,農地
R08/04/16,福岡地方裁判所大牟田支部,農地
R08/04/16,熊本地方裁判所八代支部,農地
R08/04/16,宮崎地方裁判所本庁,農地
R08/04/16,鹿児島地方裁判所名瀬支部,農地
R08/04/17,盛岡地方裁判所一関支部,通常
R08/04/17,福島地方裁判所相馬支部,通常
R08/04/17,東京地方裁判所立川支部,通常
R08/04/17,金沢地方裁判所本庁,通常
R08/04/17,松江地方裁判所本庁,通常
R08/04/17,福島地方裁判所相馬支部,農地
R08/04/17,金沢地方裁判所本庁,農地
R08/04/17,松江地方裁判所本庁,農地
R08/04/20,新潟地方裁判所長岡支部,通常
R08/04/20,松江地方裁判所西郷支部,通常
R08/04/20,新潟地方裁判所長岡支部,農地
R08/04/21,山形地方裁判所本庁,通常
R08/04/21,福島地方裁判所いわき支部,通常
R08/04/21,さいたま地方裁判所本庁,通常
R08/04/21,さいたま地方裁判所越谷支部,通常
R08/04/21,千葉地方裁判所本庁,通常
R08/04/21,東京地方裁判所本庁,通常
R08/04/21,新潟地方裁判所佐渡支部,通常
R08/04/21,福井地方裁判所本庁,通常
R08/04/21,名古屋地方裁判所本庁,通常
R08/04/21,大津地方裁判所本庁,通常
R08/04/21,神戸地方裁判所尼崎支部,通常
R08/04/21,鳥取地方裁判所本庁,通常
R08/04/21,山形地方裁判所本庁,農地
R08/04/21,福島地方裁判所いわき支部,農地
R08/04/21,千葉地方裁判所本庁,農地
R08/04/21,福井地方裁判所本庁,農地
R08/04/21,名古屋地方裁判所本庁,農地
R08/04/21,神戸地方裁判所尼崎支部,農地
R08/04/21,鳥取地方裁判所本庁,農地
R08/04/22,福島地方裁判所郡山支部,通常
R08/04/22,宇都宮地方裁判所本庁,通常
R08/04/22,前橋地方裁判所本庁,通常
R08/04/22,横浜地方裁判所川崎支部,通常
R08/04/22,横浜地方裁判所相模原支部,通常
R08/04/22,甲府地方裁判所本庁,通常
R08/04/22,長野地方裁判所佐久支部,通常
R08/04/22,岐阜地方裁判所多治見支部,通常
R08/04/22,津地方裁判所四日市支部,通常
R08/04/22,京都地方裁判所本庁,通常
R08/04/22,福岡地方裁判所飯塚支部,通常
R08/04/22,福岡地方裁判所柳川支部,通常
R08/04/22,京都地方裁判所宮津支部,特別売却
R08/04/22,福島地方裁判所郡山支部,農地
R08/04/22,宇都宮地方裁判所本庁,農地
R08/04/22,前橋地方裁判所本庁,農地
R08/04/22,横浜地方裁判所相模原支部,農地
R08/04/22,甲府地方裁判所本庁,農地
R08/04/22,長野地方裁判所飯田支部,農地
R08/04/22,長野地方裁判所佐久支部,農地
R08/04/22,岐阜地方裁判所多治見支部,農地
R08/04/22,津地方裁判所四日市支部,農地
R08/04/22,岐阜地方裁判所本庁,特別売却（農地）
R08/04/23,函館地方裁判所本庁,通常
R08/04/23,青森地方裁判所本庁,通常
R08/04/23,長野地方裁判所本庁,通常
R08/04/23,長野地方裁判所松本支部,通常
R08/04/23,長野地方裁判所伊那支部,通常
R08/04/23,和歌山地方裁判所御坊支部,通常
R08/04/23,松江地方裁判所浜田支部,通常
R08/04/23,大分地方裁判所本庁,通常
R08/04/23,前橋地方裁判所沼田支部,特別売却
R08/04/23,函館地方裁判所本庁,農地
R08/04/23,釧路地方裁判所本庁,農地
R08/04/23,青森地方裁判所本庁,農地
R08/04/23,長野地方裁判所本庁,農地
R08/04/23,和歌山地方裁判所御坊支部,農地
R08/04/23,松江地方裁判所浜田支部,農地
R08/04/24,札幌地方裁判所本庁,通常
R08/04/24,秋田地方裁判所本庁,通常
R08/04/24,水戸地方裁判所下妻支部,通常
R08/04/24,宇都宮地方裁判所足利支部,通常
R08/04/24,津地方裁判所本庁,通常
R08/04/24,津地方裁判所伊賀支部,通常
R08/04/24,津地方裁判所伊勢支部,通常
R08/04/24,大阪地方裁判所堺支部,通常
R08/04/24,和歌山地方裁判所田辺支部,通常
R08/04/24,高松地方裁判所本庁,通常
R08/04/24,福岡地方裁判所行橋支部,通常
R08/04/24,水戸地方裁判所下妻支部,農地
R08/04/24,宇都宮地方裁判所足利支部,農地
R08/04/24,津地方裁判所本庁,農地
R08/04/24,津地方裁判所伊賀支部,農地
R08/04/24,津地方裁判所伊勢支部,農地
R08/04/24,高松地方裁判所本庁,農地
R08/04/27,静岡地方裁判所本庁,通常
R08/04/27,静岡地方裁判所沼津支部,通常
R08/04/27,静岡地方裁判所浜松支部,通常
R08/04/27,静岡地方裁判所富士支部,通常
R08/04/27,神戸地方裁判所本庁,通常
R08/04/27,広島地方裁判所本庁,通常
R08/04/27,広島地方裁判所福山支部,通常
R08/04/27,静岡地方裁判所本庁,農地
R08/04/27,静岡地方裁判所沼津支部,農地
R08/04/27,静岡地方裁判所浜松支部,農地
R08/04/27,静岡地方裁判所富士支部,農地
R08/04/27,神戸地方裁判所本庁,農地
R08/04/27,広島地方裁判所本庁,農地
R08/04/27,広島地方裁判所福山支部,農地
R08/04/28,青森地方裁判所弘前支部,通常
R08/04/28,仙台地方裁判所本庁,通常
R08/04/28,さいたま地方裁判所熊谷支部,通常
R08/04/28,名古屋地方裁判所一宮支部,通常
R08/04/28,名古屋地方裁判所岡崎支部,通常
R08/04/28,名古屋地方裁判所豊橋支部,通常
R08/04/28,大阪地方裁判所本庁,通常
R08/04/28,福岡地方裁判所本庁,通常
R08/04/28,福岡地方裁判所小倉支部,通常
R08/04/28,福岡地方裁判所八女支部,通常
R08/04/28,佐賀地方裁判所本庁,通常
R08/04/28,熊本地方裁判所本庁,通常
R08/04/28,鹿児島地方裁判所本庁,通常
R08/04/28,那覇地方裁判所本庁,通常
R08/04/28,青森地方裁判所弘前支部,農地
R08/04/28,仙台地方裁判所本庁,農地
R08/04/28,名古屋地方裁判所一宮支部,農地
R08/04/28,名古屋地方裁判所岡崎支部,農地
R08/04/28,名古屋地方裁判所豊橋支部,農地
R08/04/28,大阪地方裁判所本庁,農地
R08/04/28,福岡地方裁判所本庁,農地
R08/04/28,福岡地方裁判所小倉支部,農地
R08/04/28,福岡地方裁判所八女支部,農地
R08/04/28,佐賀地方裁判所本庁,農地
R08/04/28,鹿児島地方裁判所本庁,農地
R08/04/28,那覇地方裁判所本庁,農地
R08/04/30,福岡地方裁判所直方支部,通常
R08/04/30,大分地方裁判所佐伯支部,通常
R08/04/30,大分地方裁判所佐伯支部,農地
R08/05/01,盛岡地方裁判所花巻支部,通常
R08/05/01,東京地方裁判所本庁,通常
R08/05/01,横浜地方裁判所本庁,通常
R08/05/01,奈良地方裁判所本庁,通常
R08/05/01,福岡地方裁判所田川支部,通常
R08/05/01,奈良地方裁判所本庁,農地
R08/05/07,青森地方裁判所八戸支部,通常
R08/05/07,水戸地方裁判所本庁,通常
R08/05/07,横浜地方裁判所横須賀支部,通常
R08/05/07,長野地方裁判所上田支部,通常
R08/05/07,大分地方裁判所日田支部,通常
R08/05/07,水戸地方裁判所本庁,農地
R08/05/07,横浜地方裁判所横須賀支部,農地
R08/05/07,大分地方裁判所日田支部,農地
R08/05/08,水戸地方裁判所龍ケ崎支部,通常
R08/05/08,新潟地方裁判所三条支部,通常
R08/05/08,大阪地方裁判所岸和田支部,通常
R08/05/08,松江地方裁判所本庁,通常
R08/05/08,岡山地方裁判所本庁,通常
R08/05/08,岡山地方裁判所津山支部,通常
R08/05/08,水戸地方裁判所龍ケ崎支部,農地
R08/05/08,新潟地方裁判所三条支部,農地
R08/05/08,松江地方裁判所本庁,農地
R08/05/08,岡山地方裁判所本庁,農地
R08/05/08,岡山地方裁判所津山支部,農地
R08/05/11,水戸地方裁判所土浦支部,通常
R08/05/11,新潟地方裁判所本庁,通常
R08/05/11,新潟地方裁判所高田支部,通常
R08/05/11,長崎地方裁判所本庁,通常
R08/05/11,新潟地方裁判所本庁,農地
R08/05/11,新潟地方裁判所高田支部,農地
R08/05/11,長崎地方裁判所本庁,農地
R08/05/12,福島地方裁判所本庁,通常
R08/05/12,前橋地方裁判所桐生支部,通常
R08/05/12,東京地方裁判所立川支部,通常
R08/05/12,京都地方裁判所宮津支部,通常
R08/05/12,神戸地方裁判所姫路支部,通常
R08/05/12,山口地方裁判所周南支部,通常
R08/05/12,徳島地方裁判所本庁,通常
R08/05/12,福島地方裁判所本庁,農地
R08/05/12,神戸地方裁判所姫路支部,農地
R08/05/12,山口地方裁判所周南支部,農地
R08/05/12,徳島地方裁判所本庁,農地
R08/05/13,秋田地方裁判所大曲支部,通常
R08/05/13,前橋地方裁判所沼田支部,通常
R08/05/13,千葉地方裁判所松戸支部,通常
R08/05/13,横浜地方裁判所小田原支部,通常
R08/05/13,岐阜地方裁判所本庁,通常
R08/05/13,大阪地方裁判所本庁,通常
R08/05/13,山口地方裁判所本庁,通常
R08/05/13,大分地方裁判所中津支部,通常
R08/05/13,大分地方裁判所杵築支部,通常
R08/05/13,大分地方裁判所竹田支部,通常
R08/05/13,旭川地方裁判所本庁,特別売却
R08/05/13,前橋地方裁判所沼田支部,農地
R08/05/13,横浜地方裁判所小田原支部,農地
R08/05/13,岐阜地方裁判所本庁,農地
R08/05/13,山口地方裁判所本庁,農地
R08/05/13,福岡地方裁判所柳川支部,農地
R08/05/13,旭川地方裁判所本庁,特別売却（農地）
R08/05/14,山形地方裁判所鶴岡支部,通常
R08/05/14,前橋地方裁判所太田支部,通常
R08/05/14,京都地方裁判所舞鶴支部,通常
R08/05/14,和歌山地方裁判所新宮支部,通常
R08/05/14,松山地方裁判所本庁,通常
R08/05/14,宮崎地方裁判所本庁,通常
R08/05/14,鹿児島地方裁判所名瀬支部,通常
R08/05/14,前橋地方裁判所太田支部,農地
R08/05/14,長野地方裁判所伊那支部,農地
R08/05/14,松山地方裁判所本庁,農地
R08/05/14,宮崎地方裁判所本庁,農地
R08/05/14,鹿児島地方裁判所名瀬支部,農地
R08/05/15,旭川地方裁判所本庁,通常
R08/05/15,盛岡地方裁判所本庁,通常
R08/05/15,京都地方裁判所福知山支部,通常
R08/05/15,高知地方裁判所本庁,通常
R08/05/15,福岡地方裁判所直方支部,通常
R08/05/15,旭川地方裁判所本庁,農地
R08/05/15,盛岡地方裁判所本庁,農地
R08/05/15,松江地方裁判所西郷支部,農地
R08/05/15,高知地方裁判所本庁,農地
R08/05/18,大津地方裁判所彦根支部,通常
R08/05/18,大津地方裁判所彦根支部,農地
R08/05/19,山形地方裁判所酒田支部,通常
R08/05/19,福島地方裁判所いわき支部,通常
R08/05/19,名古屋地方裁判所本庁,通常
R08/05/19,名古屋地方裁判所一宮支部,通常
R08/05/19,名古屋地方裁判所豊橋支部,通常
R08/05/19,神戸地方裁判所尼崎支部,通常
R08/05/19,山口地方裁判所岩国支部,通常
R08/05/19,福岡地方裁判所本庁,通常
R08/05/19,福岡地方裁判所久留米支部,通常
R08/05/19,熊本地方裁判所本庁,通常
R08/05/19,松江地方裁判所本庁,特別売却
R08/05/19,福島地方裁判所いわき支部,農地
R08/05/19,さいたま地方裁判所越谷支部,農地
R08/05/19,新潟地方裁判所佐渡支部,農地
R08/05/19,名古屋地方裁判所一宮支部,農地
R08/05/19,名古屋地方裁判所豊橋支部,農地
R08/05/19,山口地方裁判所岩国支部,農地
R08/05/19,福岡地方裁判所久留米支部,農地
R08/05/19,松江地方裁判所本庁,特別売却（農地）
R08/05/20,釧路地方裁判所帯広支部,通常
R08/05/20,盛岡地方裁判所遠野支部,通常
R08/05/20,福島地方裁判所郡山支部,通常
R08/05/20,福島地方裁判所会津若松支部,通常
R08/05/20,宇都宮地方裁判所本庁,通常
R08/05/20,さいたま地方裁判所川越支部,通常
R08/05/20,東京地方裁判所本庁,通常
R08/05/20,横浜地方裁判所川崎支部,通常
R08/05/20,横浜地方裁判所相模原支部,通常
R08/05/20,甲府地方裁判所本庁,通常
R08/05/20,長野地方裁判所飯田支部,通常
R08/05/20,岐阜地方裁判所多治見支部,通常
R08/05/20,名古屋地方裁判所岡崎支部,通常
R08/05/20,津地方裁判所四日市支部,通常
R08/05/20,京都地方裁判所本庁,通常
R08/05/20,山口地方裁判所下関支部,通常
R08/05/20,福岡地方裁判所飯塚支部,通常
R08/05/20,鹿児島地方裁判所鹿屋支部,通常
R08/05/20,青森地方裁判所弘前支部,特別売却
R08/05/20,秋田地方裁判所本庁,特別売却
R08/05/20,東京地方裁判所立川支部,特別売却
R08/05/20,横浜地方裁判所本庁,特別売却
R08/05/20,富山地方裁判所本庁,特別売却
R08/05/20,岐阜地方裁判所本庁,特別売却
R08/05/20,静岡地方裁判所本庁,特別売却
R08/05/20,釧路地方裁判所帯広支部,農地
R08/05/20,盛岡地方裁判所遠野支部,農地
R08/05/20,福島地方裁判所郡山支部,農地
R08/05/20,福島地方裁判所会津若松支部,農地
R08/05/20,宇都宮地方裁判所本庁,農地
R08/05/20,岐阜地方裁判所多治見支部,農地
R08/05/20,名古屋地方裁判所岡崎支部,農地
R08/05/20,京都地方裁判所本庁,農地
R08/05/20,山口地方裁判所下関支部,農地
R08/05/20,鹿児島地方裁判所鹿屋支部,農地
R08/05/20,青森地方裁判所弘前支部,特別売却（農地）
R08/05/20,横浜地方裁判所本庁,特別売却（農地）
R08/05/20,横浜地方裁判所小田原支部,特別売却（農地）
R08/05/20,岐阜地方裁判所本庁,特別売却（農地）
R08/05/20,静岡地方裁判所本庁,特別売却（農地）
R08/05/21,函館地方裁判所本庁,通常
R08/05/21,釧路地方裁判所本庁,通常
R08/05/21,青森地方裁判所本庁,通常
R08/05/21,秋田地方裁判所横手支部,通常
R08/05/21,横浜地方裁判所本庁,通常
R08/05/21,長野地方裁判所本庁,通常
R08/05/21,長野地方裁判所松本支部,通常
R08/05/21,松江地方裁判所浜田支部,通常
R08/05/21,青森地方裁判所八戸支部,特別売却
R08/05/21,水戸地方裁判所龍ケ崎支部,特別売却
R08/05/21,さいたま地方裁判所本庁,特別売却
R08/05/21,千葉地方裁判所本庁,特別売却
R08/05/21,東京地方裁判所本庁,特別売却
R08/05/21,横浜地方裁判所川崎支部,特別売却
R08/05/21,横浜地方裁判所小田原支部,特別売却
R08/05/21,横浜地方裁判所相模原支部,特別売却
R08/05/21,富山地方裁判所高岡支部,特別売却
R08/05/21,金沢地方裁判所本庁,特別売却
R08/05/21,福井地方裁判所本庁,特別売却
R08/05/21,長野地方裁判所佐久支部,特別売却
R08/05/21,静岡地方裁判所沼津支部,特別売却
R08/05/21,静岡地方裁判所浜松支部,特別売却
R08/05/21,静岡地方裁判所富士支部,特別売却
R08/05/21,名古屋地方裁判所本庁,特別売却
R08/05/21,津地方裁判所四日市支部,特別売却
R08/05/21,徳島地方裁判所本庁,特別売却
R08/05/21,高知地方裁判所本庁,特別売却
R08/05/21,青森地方裁判所本庁,農地
R08/05/21,長野地方裁判所本庁,農地
R08/05/21,長野地方裁判所松本支部,農地
R08/05/21,松江地方裁判所浜田支部,農地
R08/05/21,水戸地方裁判所龍ケ崎支部,特別売却（農地）
R08/05/21,千葉地方裁判所本庁,特別売却（農地）
R08/05/21,金沢地方裁判所本庁,特別売却（農地）
R08/05/21,福井地方裁判所本庁,特別売却（農地）
R08/05/21,長野地方裁判所佐久支部,特別売却（農地）
R08/05/21,静岡地方裁判所沼津支部,特別売却（農地）
R08/05/21,静岡地方裁判所浜松支部,特別売却（農地）
R08/05/21,静岡地方裁判所富士支部,特別売却（農地）
R08/05/21,名古屋地方裁判所本庁,特別売却（農地）
R08/05/21,徳島地方裁判所本庁,特別売却（農地）
R08/05/21,高知地方裁判所本庁,特別売却（農地）
R08/05/22,札幌地方裁判所本庁,通常
R08/05/22,盛岡地方裁判所一関支部,通常
R08/05/22,盛岡地方裁判所宮古支部,通常
R08/05/22,秋田地方裁判所本庁,通常
R08/05/22,福島地方裁判所相馬支部,通常
R08/05/22,水戸地方裁判所下妻支部,通常
R08/05/22,金沢地方裁判所本庁,通常
R08/05/22,津地方裁判所本庁,通常
R08/05/22,津地方裁判所伊賀支部,通常
R08/05/22,津地方裁判所伊勢支部,通常
R08/05/22,大阪地方裁判所堺支部,通常
R08/05/22,和歌山地方裁判所本庁,通常
R08/05/22,和歌山地方裁判所田辺支部,通常
R08/05/22,高松地方裁判所本庁,通常
R08/05/22,札幌地方裁判所本庁,特別売却
R08/05/22,青森地方裁判所本庁,特別売却
R08/05/22,さいたま地方裁判所川越支部,特別売却
R08/05/22,千葉地方裁判所松戸支部,特別売却
R08/05/22,新潟地方裁判所長岡支部,特別売却
R08/05/22,新潟地方裁判所高田支部,特別売却
R08/05/22,甲府地方裁判所本庁,特別売却
R08/05/22,長野地方裁判所本庁,特別売却
R08/05/22,長野地方裁判所松本支部,特別売却
R08/05/22,長野地方裁判所伊那支部,特別売却
R08/05/22,津地方裁判所本庁,特別売却
R08/05/22,松江地方裁判所浜田支部,特別売却
R08/05/22,札幌地方裁判所本庁,農地
R08/05/22,水戸地方裁判所下妻支部,農地
R08/05/22,金沢地方裁判所本庁,農地
R08/05/22,和歌山地方裁判所本庁,農地
R08/05/22,和歌山地方裁判所田辺支部,農地
R08/05/22,高松地方裁判所本庁,農地
R08/05/22,青森地方裁判所本庁,特別売却（農地）
R08/05/22,さいたま地方裁判所川越支部,特別売却（農地）
R08/05/22,新潟地方裁判所長岡支部,特別売却（農地）
R08/05/22,新潟地方裁判所高田支部,特別売却（農地）
R08/05/22,甲府地方裁判所本庁,特別売却（農地）
R08/05/22,長野地方裁判所本庁,特別売却（農地）
R08/05/22,長野地方裁判所松本支部,特別売却（農地）
R08/05/22,長野地方裁判所伊那支部,特別売却（農地）
R08/05/22,松江地方裁判所浜田支部,特別売却（農地）
R08/05/25,広島地方裁判所本庁,通常
R08/05/25,広島地方裁判所福山支部,通常
R08/05/25,長崎地方裁判所佐世保支部,通常
R08/05/25,水戸地方裁判所本庁,特別売却
R08/05/25,水戸地方裁判所土浦支部,特別売却
R08/05/25,津地方裁判所伊勢支部,特別売却
R08/05/25,和歌山地方裁判所本庁,特別売却
R08/05/25,広島地方裁判所本庁,特別売却
R08/05/25,広島地方裁判所福山支部,特別売却
R08/05/25,広島地方裁判所本庁,農地
R08/05/25,広島地方裁判所福山支部,農地
R08/05/25,長崎地方裁判所佐世保支部,農地
R08/05/25,水戸地方裁判所本庁,特別売却（農地）
R08/05/25,水戸地方裁判所土浦支部,特別売却（農地）
R08/05/25,和歌山地方裁判所本庁,特別売却（農地）
R08/05/25,広島地方裁判所本庁,特別売却（農地）
R08/05/25,広島地方裁判所福山支部,特別売却（農地）
R08/05/26,釧路地方裁判所北見支部,通常
R08/05/26,山形地方裁判所本庁,通常
R08/05/26,さいたま地方裁判所本庁,通常
R08/05/26,さいたま地方裁判所熊谷支部,通常
R08/05/26,千葉地方裁判所本庁,通常
R08/05/26,鳥取地方裁判所本庁,通常
R08/05/26,福岡地方裁判所小倉支部,通常
R08/05/26,佐賀地方裁判所本庁,通常
R08/05/26,鹿児島地方裁判所本庁,通常
R08/05/26,函館地方裁判所本庁,特別売却
R08/05/26,新潟地方裁判所本庁,特別売却
R08/05/26,釧路地方裁判所北見支部,農地
R08/05/26,山形地方裁判所本庁,農地
R08/05/26,さいたま地方裁判所本庁,農地
R08/05/26,さいたま地方裁判所熊谷支部,農地
R08/05/26,鳥取地方裁判所本庁,農地
R08/05/26,佐賀地方裁判所本庁,農地
R08/05/26,鹿児島地方裁判所本庁,農地
R08/05/26,新潟地方裁判所本庁,特別売却（農地）
R08/05/27,仙台地方裁判所本庁,通常
R08/05/27,前橋地方裁判所高崎支部,通常
R08/05/27,長野地方裁判所佐久支部,通常
R08/05/27,宇都宮地方裁判所本庁,特別売却
R08/05/27,大津地方裁判所本庁,特別売却
R08/05/27,仙台地方裁判所本庁,農地
R08/05/27,前橋地方裁判所高崎支部,農地
R08/05/27,長野地方裁判所佐久支部,農地
R08/05/27,宇都宮地方裁判所本庁,特別売却（農地）
R08/05/28,盛岡地方裁判所花巻支部,通常
R08/05/28,富山地方裁判所本庁,通常
R08/05/28,富山地方裁判所高岡支部,通常
R08/05/28,福井地方裁判所本庁,通常
R08/05/28,大津地方裁判所長浜支部,通常
R08/05/28,奈良地方裁判所葛城支部,通常
R08/05/28,福岡地方裁判所大牟田支部,通常
R08/05/28,熊本地方裁判所八代支部,通常
R08/05/28,大分地方裁判所本庁,通常
R08/05/28,水戸地方裁判所下妻支部,特別売却
R08/05/28,前橋地方裁判所高崎支部,特別売却
R08/05/28,さいたま地方裁判所熊谷支部,特別売却
R08/05/28,さいたま地方裁判所越谷支部,特別売却
R08/05/28,新潟地方裁判所三条支部,特別売却
R08/05/28,名古屋地方裁判所一宮支部,特別売却
R08/05/28,名古屋地方裁判所豊橋支部,特別売却
R08/05/28,津地方裁判所伊賀支部,特別売却
R08/05/28,高松地方裁判所本庁,特別売却
R08/05/28,盛岡地方裁判所花巻支部,農地
R08/05/28,福井地方裁判所本庁,農地
R08/05/28,大津地方裁判所長浜支部,農地
R08/05/28,奈良地方裁判所葛城支部,農地
R08/05/28,福岡地方裁判所大牟田支部,農地
R08/05/28,大分地方裁判所本庁,農地
R08/05/28,水戸地方裁判所下妻支部,特別売却（農地）
R08/05/28,前橋地方裁判所高崎支部,特別売却（農地）
R08/05/28,新潟地方裁判所三条支部,特別売却（農地）
R08/05/28,名古屋地方裁判所一宮支部,特別売却（農地）
R08/05/28,名古屋地方裁判所豊橋支部,特別売却（農地）
R08/05/28,高松地方裁判所本庁,特別売却（農地）
R08/05/29,秋田地方裁判所能代支部,通常
R08/05/29,宇都宮地方裁判所大田原支部,特別売却
R08/05/29,岐阜地方裁判所多治見支部,特別売却
R08/05/29,名古屋地方裁判所岡崎支部,特別売却
R08/05/29,松山地方裁判所本庁,特別売却
R08/05/29,宇都宮地方裁判所大田原支部,特別売却（農地）
R08/05/29,岐阜地方裁判所多治見支部,特別売却（農地）
R08/05/29,名古屋地方裁判所岡崎支部,特別売却（農地）
R08/05/29,松山地方裁判所本庁,特別売却（農地）
R08/06/01,静岡地方裁判所本庁,通常
R08/06/01,静岡地方裁判所沼津支部,通常
R08/06/01,静岡地方裁判所浜松支部,通常
R08/06/01,静岡地方裁判所富士支部,通常
R08/06/01,神戸地方裁判所本庁,通常
R08/06/01,鳥取地方裁判所米子支部,通常
R08/06/01,福岡地方裁判所田川支部,通常
R08/06/01,静岡地方裁判所本庁,農地
R08/06/01,静岡地方裁判所沼津支部,農地
R08/06/01,静岡地方裁判所浜松支部,農地
R08/06/01,静岡地方裁判所富士支部,農地
R08/06/01,神戸地方裁判所本庁,農地
R08/06/01,鳥取地方裁判所米子支部,農地
R08/06/01,福岡地方裁判所田川支部,農地
R08/06/02,青森地方裁判所弘前支部,通常
R08/06/02,秋田地方裁判所大館支部,通常
R08/06/02,水戸地方裁判所龍ケ崎支部,通常
R08/06/02,さいたま地方裁判所越谷支部,通常
R08/06/02,東京地方裁判所立川支部,通常
R08/06/02,大津地方裁判所本庁,通常
R08/06/02,大阪地方裁判所本庁,通常
R08/06/02,神戸地方裁判所姫路支部,通常
R08/06/02,青森地方裁判所弘前支部,農地
R08/06/02,水戸地方裁判所龍ケ崎支部,農地
R08/06/02,東京地方裁判所立川支部,農地
R08/06/02,大津地方裁判所本庁,農地
R08/06/02,神戸地方裁判所姫路支部,農地
R08/06/03,水戸地方裁判所本庁,通常
R08/06/03,前橋地方裁判所本庁,通常
R08/06/03,東京地方裁判所本庁,通常
R08/06/03,長野地方裁判所諏訪支部,通常
R08/06/03,大分地方裁判所中津支部,通常
R08/06/03,大分地方裁判所杵築支部,通常
R08/06/03,前橋地方裁判所本庁,特別売却
R08/06/03,横浜地方裁判所本庁,特別売却
R08/06/03,水戸地方裁判所本庁,農地
R08/06/03,前橋地方裁判所本庁,農地
R08/06/03,長野地方裁判所諏訪支部,農地
R08/06/03,大分地方裁判所杵築支部,農地
R08/06/03,前橋地方裁判所本庁,特別売却（農地）
R08/06/04,横浜地方裁判所本庁,通常
R08/06/04,大分地方裁判所日田支部,通常
R08/06/04,宇都宮地方裁判所足利支部,特別売却
R08/06/04,千葉地方裁判所本庁,特別売却
R08/06/04,東京地方裁判所本庁,特別売却
R08/06/04,横浜地方裁判所本庁,農地
R08/06/04,宇都宮地方裁判所足利支部,特別売却（農地）
R08/06/05,旭川地方裁判所本庁,通常
R08/06/05,宇都宮地方裁判所大田原支部,通常
R08/06/05,長野地方裁判所上田支部,特別売却
R08/06/05,旭川地方裁判所本庁,農地
R08/06/05,宇都宮地方裁判所大田原支部,農地
R08/06/05,長野地方裁判所上田支部,特別売却（農地）
R08/06/08,水戸地方裁判所土浦支部,通常
R08/06/08,新潟地方裁判所高田支部,通常
R08/06/08,新潟地方裁判所佐渡支部,特別売却
R08/06/08,水戸地方裁判所土浦支部,農地
R08/06/08,新潟地方裁判所高田支部,農地
R08/06/08,新潟地方裁判所佐渡支部,特別売却（農地）
R08/06/09,千葉地方裁判所松戸支部,通常
R08/06/09,名古屋地方裁判所本庁,通常
R08/06/09,山口地方裁判所周南支部,通常
R08/06/09,徳島地方裁判所本庁,通常
R08/06/09,福岡地方裁判所本庁,通常
R08/06/09,那覇地方裁判所本庁,通常
R08/06/09,松江地方裁判所本庁,特別売却
R08/06/09,名古屋地方裁判所本庁,農地
R08/06/09,山口地方裁判所周南支部,農地
R08/06/09,徳島地方裁判所本庁,農地
R08/06/09,那覇地方裁判所本庁,農地
R08/06/09,松江地方裁判所本庁,特別売却（農地）
R08/06/10,横浜地方裁判所小田原支部,通常
R08/06/10,東京地方裁判所立川支部,特別売却
R08/06/10,静岡地方裁判所本庁,特別売却
R08/06/10,横浜地方裁判所小田原支部,農地
R08/06/10,福岡地方裁判所飯塚支部,農地
R08/06/10,東京地方裁判所立川支部,特別売却（農地）
R08/06/10,静岡地方裁判所本庁,特別売却（農地）
R08/06/11,横浜地方裁判所横須賀支部,通常
R08/06/11,長野地方裁判所上田支部,通常
R08/06/11,宮崎地方裁判所本庁,通常
R08/06/11,静岡地方裁判所沼津支部,特別売却
R08/06/11,静岡地方裁判所浜松支部,特別売却
R08/06/11,静岡地方裁判所富士支部,特別売却
R08/06/11,横浜地方裁判所横須賀支部,農地
R08/06/11,長野地方裁判所上田支部,農地
R08/06/11,宮崎地方裁判所本庁,農地
R08/06/11,静岡地方裁判所沼津支部,特別売却（農地）
R08/06/11,静岡地方裁判所浜松支部,特別売却（農地）
R08/06/11,静岡地方裁判所富士支部,特別売却（農地）
R08/06/12,宇都宮地方裁判所足利支部,通常
R08/06/12,松江地方裁判所本庁,通常
R08/06/12,松江地方裁判所西郷支部,通常
R08/06/12,岡山地方裁判所本庁,通常
R08/06/12,岡山地方裁判所津山支部,通常
R08/06/12,横浜地方裁判所横須賀支部,特別売却
R08/06/12,宇都宮地方裁判所足利支部,農地
R08/06/12,松江地方裁判所本庁,農地
R08/06/12,岡山地方裁判所本庁,農地
R08/06/12,岡山地方裁判所津山支部,農地
R08/06/12,横浜地方裁判所横須賀支部,特別売却（農地）
R08/06/15,新潟地方裁判所本庁,通常
R08/06/15,新潟地方裁判所長岡支部,通常
R08/06/15,長崎地方裁判所本庁,通常
R08/06/15,新潟地方裁判所本庁,農地
R08/06/15,新潟地方裁判所長岡支部,農地
R08/06/15,長崎地方裁判所本庁,農地
R08/06/16,盛岡地方裁判所本庁,通常
R08/06/16,福島地方裁判所本庁,通常
R08/06/16,福島地方裁判所いわき支部,通常
R08/06/16,千葉地方裁判所本庁,通常
R08/06/16,名古屋地方裁判所一宮支部,通常
R08/06/16,名古屋地方裁判所豊橋支部,通常
R08/06/16,山口地方裁判所岩国支部,通常
R08/06/16,福岡地方裁判所久留米支部,通常
R08/06/16,熊本地方裁判所本庁,通常
R08/06/16,盛岡地方裁判所本庁,農地
R08/06/16,福島地方裁判所本庁,農地
R08/06/16,福島地方裁判所いわき支部,農地
R08/06/16,千葉地方裁判所本庁,農地
R08/06/16,千葉地方裁判所松戸支部,農地
R08/06/16,名古屋地方裁判所一宮支部,農地
R08/06/16,名古屋地方裁判所豊橋支部,農地
R08/06/17,仙台地方裁判所本庁,通常
R08/06/17,福島地方裁判所郡山支部,通常
R08/06/17,福島地方裁判所会津若松支部,通常
R08/06/17,さいたま地方裁判所川越支部,通常
R08/06/17,東京地方裁判所本庁,通常
R08/06/17,横浜地方裁判所川崎支部,通常
R08/06/17,横浜地方裁判所相模原支部,通常
R08/06/17,甲府地方裁判所本庁,通常
R08/06/17,岐阜地方裁判所本庁,通常
R08/06/17,名古屋地方裁判所岡崎支部,通常
R08/06/17,津地方裁判所四日市支部,通常
R08/06/17,山口地方裁判所本庁,通常
R08/06/17,福岡地方裁判所柳川支部,通常
R08/06/17,大分地方裁判所佐伯支部,通常
R08/06/17,鹿児島地方裁判所鹿屋支部,通常
R08/06/17,旭川地方裁判所本庁,特別売却
R08/06/17,青森地方裁判所弘前支部,特別売却
R08/06/17,秋田地方裁判所本庁,特別売却
R08/06/17,岐阜地方裁判所本庁,特別売却
R08/06/17,京都地方裁判所宮津支部,特別売却
R08/06/17,仙台地方裁判所本庁,農地
R08/06/17,福島地方裁判所郡山支部,農地
R08/06/17,福島地方裁判所会津若松支部,農地
R08/06/17,さいたま地方裁判所川越支部,農地
R08/06/17,横浜地方裁判所相模原支部,農地
R08/06/17,甲府地方裁判所本庁,農地
R08/06/17,岐阜地方裁判所本庁,農地
R08/06/17,名古屋地方裁判所岡崎支部,農地
R08/06/17,津地方裁判所四日市支部,農地
R08/06/17,山口地方裁判所本庁,農地
R08/06/17,鹿児島地方裁判所鹿屋支部,農地
R08/06/17,旭川地方裁判所本庁,特別売却（農地）
R08/06/17,青森地方裁判所弘前支部,特別売却（農地）
R08/06/17,岐阜地方裁判所本庁,特別売却（農地）
R08/06/18,函館地方裁判所本庁,通常
R08/06/18,釧路地方裁判所本庁,通常
R08/06/18,青森地方裁判所本庁,通常
R08/06/18,盛岡地方裁判所花巻支部,通常
R08/06/18,前橋地方裁判所太田支部,通常
R08/06/18,長野地方裁判所本庁,通常
R08/06/18,長野地方裁判所松本支部,通常
R08/06/18,長野地方裁判所伊那支部,通常
R08/06/18,松江地方裁判所浜田支部,通常
R08/06/18,松山地方裁判所本庁,通常
R08/06/18,鹿児島地方裁判所名瀬支部,通常
R08/06/18,釧路地方裁判所本庁,特別売却
R08/06/18,釧路地方裁判所帯広支部,特別売却
R08/06/18,青森地方裁判所八戸支部,特別売却
R08/06/18,水戸地方裁判所下妻支部,特別売却
R08/06/18,水戸地方裁判所龍ケ崎支部,特別売却
R08/06/18,前橋地方裁判所沼田支部,特別売却
R08/06/18,東京地方裁判所本庁,特別売却
R08/06/18,横浜地方裁判所川崎支部,特別売却
R08/06/18,横浜地方裁判所小田原支部,特別売却
R08/06/18,横浜地方裁判所相模原支部,特別売却
R08/06/18,長野地方裁判所飯田支部,特別売却
R08/06/18,名古屋地方裁判所本庁,特別売却
R08/06/18,名古屋地方裁判所一宮支部,特別売却
R08/06/18,名古屋地方裁判所豊橋支部,特別売却
R08/06/18,津地方裁判所四日市支部,特別売却
R08/06/18,京都地方裁判所舞鶴支部,特別売却
R08/06/18,徳島地方裁判所本庁,特別売却
R08/06/18,高知地方裁判所本庁,特別売却
R08/06/18,函館地方裁判所本庁,農地
R08/06/18,釧路地方裁判所本庁,農地
R08/06/18,青森地方裁判所本庁,農地
R08/06/18,前橋地方裁判所太田支部,農地
R08/06/18,松江地方裁判所浜田支部,農地
R08/06/18,松山地方裁判所本庁,農地
R08/06/18,福岡地方裁判所直方支部,農地
R08/06/18,鹿児島地方裁判所名瀬支部,農地
R08/06/18,釧路地方裁判所本庁,特別売却（農地）
R08/06/18,水戸地方裁判所下妻支部,特別売却（農地）
R08/06/18,水戸地方裁判所龍ケ崎支部,特別売却（農地）
R08/06/18,前橋地方裁判所沼田支部,特別売却（農地）
R08/06/18,横浜地方裁判所小田原支部,特別売却（農地）
R08/06/18,長野地方裁判所飯田支部,特別売却（農地）
R08/06/18,名古屋地方裁判所一宮支部,特別売却（農地）
R08/06/18,名古屋地方裁判所豊橋支部,特別売却（農地）
R08/06/18,徳島地方裁判所本庁,特別売却（農地）
R08/06/18,高知地方裁判所本庁,特別売却（農地）
R08/06/19,札幌地方裁判所本庁,通常
R08/06/19,水戸地方裁判所下妻支部,通常
R08/06/19,津地方裁判所本庁,通常
R08/06/19,津地方裁判所伊賀支部,通常
R08/06/19,津地方裁判所伊勢支部,通常
R08/06/19,大阪地方裁判所本庁,通常
R08/06/19,大阪地方裁判所岸和田支部,通常
R08/06/19,高松地方裁判所本庁,通常
R08/06/19,高知地方裁判所本庁,通常
R08/06/19,札幌地方裁判所本庁,特別売却
R08/06/19,青森地方裁判所本庁,特別売却
R08/06/19,さいたま地方裁判所川越支部,特別売却
R08/06/19,千葉地方裁判所松戸支部,特別売却
R08/06/19,新潟地方裁判所高田支部,特別売却
R08/06/19,甲府地方裁判所本庁,特別売却
R08/06/19,長野地方裁判所本庁,特別売却
R08/06/19,長野地方裁判所松本支部,特別売却
R08/06/19,名古屋地方裁判所岡崎支部,特別売却
R08/06/19,津地方裁判所本庁,特別売却
R08/06/19,京都地方裁判所福知山支部,特別売却
R08/06/19,松江地方裁判所浜田支部,特別売却
R08/06/19,水戸地方裁判所下妻支部,農地
R08/06/19,津地方裁判所本庁,農地
R08/06/19,津地方裁判所伊賀支部,農地
R08/06/19,津地方裁判所伊勢支部,農地
R08/06/19,大阪地方裁判所岸和田支部,農地
R08/06/19,高松地方裁判所本庁,農地
R08/06/19,高知地方裁判所本庁,農地
R08/06/19,札幌地方裁判所本庁,特別売却（農地）
R08/06/19,青森地方裁判所本庁,特別売却（農地）
R08/06/19,千葉地方裁判所松戸支部,特別売却（農地）
R08/06/19,新潟地方裁判所高田支部,特別売却（農地）
R08/06/19,甲府地方裁判所本庁,特別売却（農地）
R08/06/19,長野地方裁判所本庁,特別売却（農地）
R08/06/19,名古屋地方裁判所岡崎支部,特別売却（農地）
R08/06/19,松江地方裁判所浜田支部,特別売却（農地）
R08/06/22,静岡地方裁判所本庁,通常
R08/06/22,静岡地方裁判所沼津支部,通常
R08/06/22,静岡地方裁判所浜松支部,通常
R08/06/22,静岡地方裁判所富士支部,通常
R08/06/22,広島地方裁判所本庁,通常
R08/06/22,広島地方裁判所福山支部,通常
R08/06/22,函館地方裁判所本庁,特別売却
R08/06/22,水戸地方裁判所本庁,特別売却
R08/06/22,水戸地方裁判所土浦支部,特別売却
R08/06/22,津地方裁判所伊勢支部,特別売却
R08/06/22,大津地方裁判所彦根支部,特別売却
R08/06/22,広島地方裁判所本庁,特別売却
R08/06/22,広島地方裁判所福山支部,特別売却
R08/06/22,静岡地方裁判所本庁,農地
R08/06/22,静岡地方裁判所沼津支部,農地
R08/06/22,静岡地方裁判所浜松支部,農地
R08/06/22,静岡地方裁判所富士支部,農地
R08/06/22,広島地方裁判所本庁,農地
R08/06/22,広島地方裁判所福山支部,農地
R08/06/22,函館地方裁判所本庁,特別売却（農地）
R08/06/22,水戸地方裁判所本庁,特別売却（農地）
R08/06/22,水戸地方裁判所土浦支部,特別売却（農地）
R08/06/22,大津地方裁判所彦根支部,特別売却（農地）
R08/06/22,広島地方裁判所本庁,特別売却（農地）
R08/06/22,広島地方裁判所福山支部,特別売却（農地）
R08/06/23,さいたま地方裁判所熊谷支部,通常
R08/06/23,神戸地方裁判所尼崎支部,通常
R08/06/23,福岡地方裁判所小倉支部,通常
R08/06/23,鹿児島地方裁判所本庁,通常
R08/06/23,新潟地方裁判所本庁,特別売却
R08/06/23,神戸地方裁判所尼崎支部,農地
R08/06/23,福岡地方裁判所小倉支部,農地
R08/06/23,鹿児島地方裁判所本庁,農地
R08/06/23,新潟地方裁判所本庁,特別売却（農地）
R08/06/24,秋田地方裁判所大曲支部,通常
R08/06/24,岐阜地方裁判所多治見支部,通常
R08/06/24,京都地方裁判所本庁,通常
R08/06/24,山口地方裁判所下関支部,通常
R08/06/24,福岡地方裁判所飯塚支部,通常
R08/06/24,釧路地方裁判所北見支部,特別売却
R08/06/24,宇都宮地方裁判所本庁,特別売却
R08/06/24,横浜地方裁判所本庁,特別売却
R08/06/24,岐阜地方裁判所多治見支部,農地
R08/06/24,山口地方裁判所下関支部,農地
R08/06/24,釧路地方裁判所北見支部,特別売却（農地）
R08/06/24,宇都宮地方裁判所本庁,特別売却（農地）
R08/06/25,富山地方裁判所本庁,通常
R08/06/25,富山地方裁判所高岡支部,通常
R08/06/25,熊本地方裁判所八代支部,通常
R08/06/25,前橋地方裁判所太田支部,特別売却
R08/06/25,さいたま地方裁判所本庁,特別売却
R08/06/25,さいたま地方裁判所熊谷支部,特別売却
R08/06/25,千葉地方裁判所本庁,特別売却
R08/06/25,新潟地方裁判所三条支部,特別売却
R08/06/25,金沢地方裁判所本庁,特別売却
R08/06/25,福井地方裁判所本庁,特別売却
R08/06/25,長野地方裁判所佐久支部,特別売却
R08/06/25,津地方裁判所伊賀支部,特別売却
R08/06/25,高松地方裁判所本庁,特別売却
R08/06/25,富山地方裁判所本庁,農地
R08/06/25,富山地方裁判所高岡支部,農地
R08/06/25,前橋地方裁判所太田支部,特別売却（農地）
R08/06/25,さいたま地方裁判所本庁,特別売却（農地）
R08/06/25,さいたま地方裁判所熊谷支部,特別売却（農地）
R08/06/25,新潟地方裁判所三条支部,特別売却（農地）
R08/06/25,金沢地方裁判所本庁,特別売却（農地）
R08/06/25,福井地方裁判所本庁,特別売却（農地）
R08/06/25,長野地方裁判所佐久支部,特別売却（農地）
R08/06/25,高松地方裁判所本庁,特別売却（農地）
R08/06/26,秋田地方裁判所本庁,通常
R08/06/26,東京地方裁判所立川支部,通常
R08/06/26,金沢地方裁判所本庁,通常
R08/06/26,大阪地方裁判所堺支部,通常
R08/06/26,奈良地方裁判所本庁,通常
R08/06/26,和歌山地方裁判所本庁,通常
R08/06/26,前橋地方裁判所桐生支部,特別売却
R08/06/26,岐阜地方裁判所多治見支部,特別売却
R08/06/26,大津地方裁判所長浜支部,特別売却
R08/06/26,松山地方裁判所本庁,特別売却
R08/06/26,金沢地方裁判所本庁,農地
R08/06/26,大阪地方裁判所堺支部,農地
R08/06/26,前橋地方裁判所桐生支部,特別売却（農地）
R08/06/26,岐阜地方裁判所多治見支部,特別売却（農地）
R08/06/26,大津地方裁判所長浜支部,特別売却（農地）
R08/06/26,松山地方裁判所本庁,特別売却（農地）
R08/06/29,神戸地方裁判所本庁,通常
R08/06/29,福岡地方裁判所行橋支部,通常
R08/06/29,神戸地方裁判所本庁,農地
R08/06/29,福岡地方裁判所行橋支部,農地
R08/06/30,山形地方裁判所本庁,通常
R08/06/30,さいたま地方裁判所本庁,通常
R08/06/30,名古屋地方裁判所本庁,通常
R08/06/30,神戸地方裁判所姫路支部,通常
R08/06/30,鳥取地方裁判所本庁,通常
R08/06/30,福岡地方裁判所本庁,通常
R08/06/30,山形地方裁判所本庁,農地
R08/06/30,神戸地方裁判所姫路支部,農地
R08/06/30,鳥取地方裁判所本庁,農地
R08/06/30,福岡地方裁判所本庁,農地
R08/07/01,青森地方裁判所弘前支部,通常
R08/07/01,宇都宮地方裁判所本庁,通常
R08/07/01,東京地方裁判所本庁,通常
R08/07/01,長野地方裁判所佐久支部,通常
R08/07/01,東京地方裁判所立川支部,特別売却
R08/07/01,富山地方裁判所本庁,特別売却
R08/07/01,大津地方裁判所本庁,特別売却
R08/07/01,青森地方裁判所弘前支部,農地
R08/07/01,宇都宮地方裁判所本庁,農地
R08/07/01,長野地方裁判所飯田支部,農地
R08/07/01,長野地方裁判所佐久支部,農地
R08/07/01,大津地方裁判所本庁,特別売却（農地）
R08/07/02,横浜地方裁判所本庁,通常
R08/07/02,福井地方裁判所本庁,通常
R08/07/02,大分地方裁判所本庁,通常
R08/07/02,さいたま地方裁判所越谷支部,特別売却
R08/07/02,東京地方裁判所本庁,特別売却
R08/07/02,富山地方裁判所高岡支部,特別売却
R08/07/02,長野地方裁判所諏訪支部,特別売却
R08/07/02,福井地方裁判所本庁,農地
R08/07/02,さいたま地方裁判所越谷支部,特別売却（農地）
R08/07/06,鳥取地方裁判所米子支部,通常
R08/07/06,長崎地方裁判所本庁,通常
R08/07/06,鳥取地方裁判所米子支部,農地
R08/07/06,長崎地方裁判所本庁,農地
R08/07/07,千葉地方裁判所本庁,通常
R08/07/07,名古屋地方裁判所一宮支部,通常
R08/07/07,名古屋地方裁判所豊橋支部,通常
R08/07/07,大津地方裁判所本庁,通常
R08/07/07,大阪地方裁判所本庁,通常
R08/07/07,那覇地方裁判所本庁,通常
R08/07/07,名古屋地方裁判所一宮支部,農地
R08/07/07,名古屋地方裁判所豊橋支部,農地
R08/07/07,那覇地方裁判所本庁,農地
R08/07/08,仙台地方裁判所本庁,通常
R08/07/08,名古屋地方裁判所岡崎支部,通常
R08/07/08,福岡地方裁判所八女支部,通常
R08/07/08,大分地方裁判所中津支部,通常
R08/07/08,大分地方裁判所杵築支部,通常
R08/07/08,旭川地方裁判所本庁,特別売却
R08/07/08,横浜地方裁判所本庁,特別売却
R08/07/08,仙台地方裁判所本庁,農地
R08/07/08,名古屋地方裁判所岡崎支部,農地
R08/07/08,福岡地方裁判所八女支部,農地
R08/07/08,大分地方裁判所中津支部,農地
R08/07/08,旭川地方裁判所本庁,特別売却（農地）
R08/07/08,横浜地方裁判所本庁,特別売却（農地）
R08/07/09,青森地方裁判所八戸支部,通常
R08/07/09,宮崎地方裁判所本庁,通常
R08/07/09,前橋地方裁判所高崎支部,特別売却
R08/07/09,名古屋地方裁判所本庁,特別売却
R08/07/09,宮崎地方裁判所本庁,農地
R08/07/09,前橋地方裁判所高崎支部,特別売却（農地）
R08/07/10,新潟地方裁判所三条支部,通常
R08/07/10,岡山地方裁判所本庁,通常
R08/07/10,岡山地方裁判所津山支部,通常
R08/07/10,長崎地方裁判所佐世保支部,通常
R08/07/10,宇都宮地方裁判所大田原支部,特別売却
R08/07/10,長野地方裁判所上田支部,特別売却
R08/07/10,新潟地方裁判所三条支部,農地
R08/07/10,岡山地方裁判所本庁,農地
R08/07/10,岡山地方裁判所津山支部,農地
R08/07/10,長崎地方裁判所佐世保支部,農地
R08/07/10,宇都宮地方裁判所大田原支部,特別売却（農地）
R08/07/14,福島地方裁判所本庁,通常
R08/07/14,福島地方裁判所いわき支部,通常
R08/07/14,山口地方裁判所周南支部,通常
R08/07/14,松江地方裁判所本庁,特別売却
R08/07/14,福島地方裁判所本庁,農地
R08/07/14,福島地方裁判所いわき支部,農地
R08/07/14,山口地方裁判所岩国支部,農地
R08/07/14,山口地方裁判所周南支部,農地
R08/07/14,松江地方裁判所本庁,特別売却（農地）
R08/07/15,福島地方裁判所郡山支部,通常
R08/07/15,福島地方裁判所会津若松支部,通常
R08/07/15,山口地方裁判所本庁,通常
R08/07/15,大分地方裁判所竹田支部,通常
R08/07/15,前橋地方裁判所本庁,特別売却
R08/07/15,静岡地方裁判所本庁,特別売却
R08/07/15,福島地方裁判所郡山支部,農地
R08/07/15,福島地方裁判所会津若松支部,農地
R08/07/15,山口地方裁判所本庁,農地
R08/07/15,静岡地方裁判所本庁,特別売却（農地）
R08/07/16,函館地方裁判所本庁,通常
R08/07/16,青森地方裁判所本庁,通常
R08/07/16,山形地方裁判所鶴岡支部,通常
R08/07/16,横浜地方裁判所本庁,通常
R08/07/16,鹿児島地方裁判所名瀬支部,通常
R08/07/16,釧路地方裁判所本庁,特別売却
R08/07/16,青森地方裁判所八戸支部,特別売却
R08/07/16,水戸地方裁判所下妻支部,特別売却
R08/07/16,水戸地方裁判所龍ケ崎支部,特別売却
R08/07/16,千葉地方裁判所本庁,特別売却
R08/07/16,東京地方裁判所本庁,特別売却
R08/07/16,横浜地方裁判所川崎支部,特別売却
R08/07/16,横浜地方裁判所小田原支部,特別売却
R08/07/16,横浜地方裁判所相模原支部,特別売却
R08/07/16,静岡地方裁判所沼津支部,特別売却
R08/07/16,静岡地方裁判所浜松支部,特別売却
R08/07/16,静岡地方裁判所富士支部,特別売却
R08/07/16,名古屋地方裁判所一宮支部,特別売却
R08/07/16,名古屋地方裁判所豊橋支部,特別売却
R08/07/16,津地方裁判所四日市支部,特別売却
R08/07/16,徳島地方裁判所本庁,特別売却
R08/07/16,青森地方裁判所本庁,農地
R08/07/16,長野地方裁判所本庁,農地
R08/07/16,長野地方裁判所松本支部,農地
R08/07/16,長野地方裁判所伊那支部,農地
R08/07/16,熊本地方裁判所八代支部,農地
R08/07/16,鹿児島地方裁判所名瀬支部,農地
R08/07/16,釧路地方裁判所本庁,特別売却（農地）
R08/07/16,水戸地方裁判所下妻支部,特別売却（農地）
R08/07/16,水戸地方裁判所龍ケ崎支部,特別売却（農地）
R08/07/16,千葉地方裁判所本庁,特別売却（農地）
R08/07/16,横浜地方裁判所小田原支部,特別売却（農地）
R08/07/16,横浜地方裁判所相模原支部,特別売却（農地）
R08/07/16,静岡地方裁判所沼津支部,特別売却（農地）
R08/07/16,静岡地方裁判所浜松支部,特別売却（農地）
R08/07/16,静岡地方裁判所富士支部,特別売却（農地）
R08/07/16,名古屋地方裁判所一宮支部,特別売却（農地）
R08/07/16,名古屋地方裁判所豊橋支部,特別売却（農地）
R08/07/16,徳島地方裁判所本庁,特別売却（農地）
R08/07/17,旭川地方裁判所本庁,通常
R08/07/17,盛岡地方裁判所宮古支部,通常
R08/07/17,札幌地方裁判所本庁,特別売却
R08/07/17,青森地方裁判所本庁,特別売却
R08/07/17,さいたま地方裁判所川越支部,特別売却
R08/07/17,千葉地方裁判所松戸支部,特別売却
R08/07/17,横浜地方裁判所横須賀支部,特別売却
R08/07/17,新潟地方裁判所高田支部,特別売却
R08/07/17,甲府地方裁判所本庁,特別売却
R08/07/17,長野地方裁判所本庁,特別売却
R08/07/17,長野地方裁判所松本支部,特別売却
R08/07/17,長野地方裁判所伊那支部,特別売却
R08/07/17,名古屋地方裁判所岡崎支部,特別売却
R08/07/17,津地方裁判所本庁,特別売却
R08/07/17,松江地方裁判所浜田支部,特別売却
R08/07/17,旭川地方裁判所本庁,農地
R08/07/17,松江地方裁判所西郷支部,農地
R08/07/17,青森地方裁判所本庁,特別売却（農地）
R08/07/17,さいたま地方裁判所川越支部,特別売却（農地）
R08/07/17,横浜地方裁判所横須賀支部,特別売却（農地）
R08/07/17,新潟地方裁判所高田支部,特別売却（農地）
R08/07/17,甲府地方裁判所本庁,特別売却（農地）
R08/07/17,長野地方裁判所本庁,特別売却（農地）
R08/07/17,長野地方裁判所松本支部,特別売却（農地）
R08/07/17,長野地方裁判所伊那支部,特別売却（農地）
R08/07/17,名古屋地方裁判所岡崎支部,特別売却（農地）
R08/07/17,松江地方裁判所浜田支部,特別売却（農地）
R08/07/21,釧路地方裁判所北見支部,通常
R08/07/21,新潟地方裁判所佐渡支部,通常
R08/07/21,大津地方裁判所彦根支部,通常
R08/07/21,松江地方裁判所西郷支部,通常
R08/07/21,福岡地方裁判所本庁,通常
R08/07/21,福岡地方裁判所小倉支部,通常
R08/07/21,函館地方裁判所本庁,特別売却
R08/07/21,水戸地方裁判所本庁,特別売却
R08/07/21,水戸地方裁判所土浦支部,特別売却
R08/07/21,津地方裁判所伊勢支部,特別売却
R08/07/21,広島地方裁判所本庁,特別売却
R08/07/21,広島地方裁判所福山支部,特別売却
R08/07/21,釧路地方裁判所北見支部,農地
R08/07/21,大津地方裁判所彦根支部,農地
R08/07/21,水戸地方裁判所本庁,特別売却（農地）
R08/07/21,水戸地方裁判所土浦支部,特別売却（農地）
R08/07/21,広島地方裁判所本庁,特別売却（農地）
R08/07/21,広島地方裁判所福山支部,特別売却（農地）
R08/07/22,盛岡地方裁判所本庁,通常
R08/07/22,京都地方裁判所本庁,通常
R08/07/22,山口地方裁判所下関支部,通常
R08/07/22,鹿児島地方裁判所鹿屋支部,通常
R08/07/22,青森地方裁判所弘前支部,特別売却
R08/07/22,横浜地方裁判所本庁,特別売却
R08/07/22,岐阜地方裁判所本庁,特別売却
R08/07/22,盛岡地方裁判所本庁,農地
R08/07/22,甲府地方裁判所本庁,農地
R08/07/22,山口地方裁判所下関支部,農地
R08/07/22,鹿児島地方裁判所鹿屋支部,農地
R08/07/22,青森地方裁判所弘前支部,特別売却（農地）
R08/07/22,岐阜地方裁判所本庁,特別売却（農地）
R08/07/23,和歌山地方裁判所御坊支部,通常
R08/07/23,松山地方裁判所本庁,通常
R08/07/23,秋田地方裁判所本庁,特別売却
R08/07/23,宇都宮地方裁判所足利支部,特別売却
R08/07/23,さいたま地方裁判所熊谷支部,特別売却
R08/07/23,津地方裁判所伊賀支部,特別売却
R08/07/23,高松地方裁判所本庁,特別売却
R08/07/23,高知地方裁判所本庁,特別売却
R08/07/23,釧路地方裁判所本庁,農地
R08/07/23,和歌山地方裁判所御坊支部,農地
R08/07/23,松山地方裁判所本庁,農地
R08/07/23,宇都宮地方裁判所足利支部,特別売却（農地）
R08/07/23,高松地方裁判所本庁,特別売却（農地）
R08/07/23,高知地方裁判所本庁,特別売却（農地）
R08/07/24,札幌地方裁判所本庁,通常
R08/07/24,秋田地方裁判所本庁,通常
R08/07/24,福島地方裁判所相馬支部,通常
R08/07/24,新潟地方裁判所長岡支部,特別売却
R08/07/24,松山地方裁判所本庁,特別売却
R08/07/24,札幌地方裁判所本庁,農地
R08/07/24,盛岡地方裁判所一関支部,農地
R08/07/24,福島地方裁判所相馬支部,農地
R08/07/24,新潟地方裁判所長岡支部,特別売却（農地）
R08/07/24,松山地方裁判所本庁,特別売却（農地）
R08/07/27,新潟地方裁判所本庁,通常
R08/07/27,静岡地方裁判所本庁,通常
R08/07/27,静岡地方裁判所沼津支部,通常
R08/07/27,静岡地方裁判所浜松支部,通常
R08/07/27,静岡地方裁判所富士支部,通常
R08/07/27,新潟地方裁判所本庁,農地
R08/07/27,静岡地方裁判所本庁,農地
R08/07/27,静岡地方裁判所沼津支部,農地
R08/07/27,静岡地方裁判所浜松支部,農地
R08/07/27,静岡地方裁判所富士支部,農地
R08/07/28,青森地方裁判所弘前支部,通常
R08/07/28,名古屋地方裁判所本庁,通常
R08/07/28,京都地方裁判所宮津支部,通常
R08/07/28,大阪地方裁判所本庁,通常
R08/07/28,神戸地方裁判所姫路支部,通常
R08/07/28,佐賀地方裁判所本庁,通常
R08/07/28,鹿児島地方裁判所本庁,通常
R08/07/28,新潟地方裁判所本庁,特別売却
R08/07/28,青森地方裁判所弘前支部,農地
R08/07/28,名古屋地方裁判所本庁,農地
R08/07/28,神戸地方裁判所姫路支部,農地
R08/07/28,佐賀地方裁判所本庁,農地
R08/07/28,鹿児島地方裁判所本庁,農地
R08/07/28,新潟地方裁判所本庁,特別売却（農地）
R08/07/29,釧路地方裁判所帯広支部,通常
R08/07/29,盛岡地方裁判所遠野支部,通常
R08/07/29,水戸地方裁判所本庁,通常
R08/07/29,前橋地方裁判所高崎支部,通常
R08/07/29,東京地方裁判所本庁,通常
R08/07/29,長野地方裁判所飯田支部,通常
R08/07/29,福岡地方裁判所飯塚支部,通常
R08/07/29,大分地方裁判所佐伯支部,通常
R08/07/29,東京地方裁判所立川支部,特別売却
R08/07/29,富山地方裁判所本庁,特別売却
R08/07/29,盛岡地方裁判所遠野支部,農地
R08/07/29,水戸地方裁判所本庁,農地
R08/07/29,前橋地方裁判所高崎支部,農地
R08/07/29,大分地方裁判所佐伯支部,農地
R08/07/29,富山地方裁判所本庁,特別売却（農地）
R08/07/30,横浜地方裁判所本庁,通常
R08/07/30,福井地方裁判所本庁,通常
R08/07/30,大津地方裁判所長浜支部,通常
R08/07/30,京都地方裁判所舞鶴支部,通常
R08/07/30,奈良地方裁判所葛城支部,通常
R08/07/30,和歌山地方裁判所新宮支部,通常
R08/07/30,大分地方裁判所日田支部,通常
R08/07/30,前橋地方裁判所太田支部,特別売却
R08/07/30,さいたま地方裁判所本庁,特別売却
R08/07/30,東京地方裁判所本庁,特別売却
R08/07/30,富山地方裁判所高岡支部,特別売却
R08/07/30,金沢地方裁判所本庁,特別売却
R08/07/30,福井地方裁判所本庁,特別売却
R08/07/30,長野地方裁判所佐久支部,特別売却
R08/07/30,名古屋地方裁判所本庁,特別売却
R08/07/30,横浜地方裁判所本庁,農地
R08/07/30,福井地方裁判所本庁,農地
R08/07/30,大津地方裁判所長浜支部,農地
R08/07/30,和歌山地方裁判所新宮支部,農地
R08/07/30,大分地方裁判所日田支部,農地
R08/07/30,前橋地方裁判所太田支部,特別売却（農地）
R08/07/30,富山地方裁判所高岡支部,特別売却（農地）
R08/07/30,金沢地方裁判所本庁,特別売却（農地）
R08/07/30,福井地方裁判所本庁,特別売却（農地）
R08/07/30,長野地方裁判所佐久支部,特別売却（農地）
R08/07/30,名古屋地方裁判所本庁,特別売却（農地）
R08/07/31,京都地方裁判所福知山支部,通常
R08/07/31,大阪地方裁判所堺支部,通常
R08/07/31,大阪地方裁判所岸和田支部,通常
R08/07/31,高松地方裁判所本庁,通常
R08/07/31,岐阜地方裁判所多治見支部,特別売却
R08/07/31,高松地方裁判所本庁,農地
R08/07/31,岐阜地方裁判所多治見支部,特別売却（農地）
R08/08/03,水戸地方裁判所土浦支部,通常
R08/08/03,新潟地方裁判所長岡支部,通常
R08/08/03,神戸地方裁判所本庁,通常
R08/08/03,広島地方裁判所本庁,通常
R08/08/03,広島地方裁判所福山支部,通常
R08/08/03,福岡地方裁判所田川支部,通常
R08/08/03,水戸地方裁判所土浦支部,農地
R08/08/03,新潟地方裁判所長岡支部,農地
R08/08/03,広島地方裁判所本庁,農地
R08/08/03,広島地方裁判所福山支部,農地
R08/08/04,秋田地方裁判所大館支部,通常
R08/08/04,山形地方裁判所本庁,通常
R08/08/04,水戸地方裁判所龍ケ崎支部,通常
R08/08/04,前橋地方裁判所桐生支部,通常
R08/08/04,さいたま地方裁判所本庁,通常
R08/08/04,さいたま地方裁判所越谷支部,通常
R08/08/04,千葉地方裁判所本庁,通常
R08/08/04,千葉地方裁判所松戸支部,通常
R08/08/04,東京地方裁判所立川支部,通常
R08/08/04,大津地方裁判所本庁,通常
R08/08/04,神戸地方裁判所尼崎支部,通常
R08/08/04,鳥取地方裁判所本庁,通常
R08/08/04,那覇地方裁判所本庁,通常
R08/08/04,山形地方裁判所本庁,農地
R08/08/04,前橋地方裁判所桐生支部,農地
R08/08/04,さいたま地方裁判所本庁,農地
R08/08/04,千葉地方裁判所本庁,農地
R08/08/04,大津地方裁判所本庁,農地
R08/08/04,鳥取地方裁判所本庁,農地
R08/08/04,那覇地方裁判所本庁,農地
R08/08/05,仙台地方裁判所本庁,通常
R08/08/05,秋田地方裁判所大曲支部,通常
R08/08/05,宇都宮地方裁判所本庁,通常
R08/08/05,前橋地方裁判所本庁,通常
R08/08/05,長野地方裁判所諏訪支部,通常
R08/08/05,大分地方裁判所中津支部,通常
R08/08/05,宇都宮地方裁判所本庁,特別売却
R08/08/05,静岡地方裁判所本庁,特別売却
R08/08/05,大津地方裁判所本庁,特別売却
R08/08/05,仙台地方裁判所本庁,農地
R08/08/05,宇都宮地方裁判所本庁,農地
R08/08/05,前橋地方裁判所本庁,農地
R08/08/05,長野地方裁判所諏訪支部,農地
R08/08/05,大分地方裁判所竹田支部,農地
R08/08/05,宇都宮地方裁判所本庁,特別売却（農地）
R08/08/05,静岡地方裁判所本庁,特別売却（農地）
R08/08/06,秋田地方裁判所横手支部,通常
R08/08/06,前橋地方裁判所太田支部,通常
R08/08/06,横浜地方裁判所横須賀支部,通常
R08/08/06,長野地方裁判所上田支部,通常
R08/08/06,福岡地方裁判所直方支部,通常
R08/08/06,福岡地方裁判所大牟田支部,通常
R08/08/06,千葉地方裁判所本庁,特別売却
R08/08/06,静岡地方裁判所沼津支部,特別売却
R08/08/06,静岡地方裁判所浜松支部,特別売却
R08/08/06,静岡地方裁判所富士支部,特別売却
R08/08/06,名古屋地方裁判所一宮支部,特別売却
R08/08/06,名古屋地方裁判所豊橋支部,特別売却
R08/08/06,前橋地方裁判所太田支部,農地
R08/08/06,横浜地方裁判所横須賀支部,農地
R08/08/06,長野地方裁判所上田支部,農地
R08/08/06,福岡地方裁判所大牟田支部,農地
R08/08/06,静岡地方裁判所沼津支部,特別売却（農地）
R08/08/06,静岡地方裁判所浜松支部,特別売却（農地）
R08/08/06,静岡地方裁判所富士支部,特別売却（農地）
R08/08/06,名古屋地方裁判所一宮支部,特別売却（農地）
R08/08/06,名古屋地方裁判所豊橋支部,特別売却（農地）
R08/08/07,秋田地方裁判所能代支部,通常
R08/08/07,水戸地方裁判所下妻支部,通常
R08/08/07,宇都宮地方裁判所足利支部,通常
R08/08/07,宇都宮地方裁判所大田原支部,通常
R08/08/07,金沢地方裁判所本庁,通常
R08/08/07,奈良地方裁判所本庁,通常
R08/08/07,和歌山地方裁判所本庁,通常
R08/08/07,高知地方裁判所本庁,通常
R08/08/07,名古屋地方裁判所岡崎支部,特別売却
R08/08/07,水戸地方裁判所下妻支部,農地
R08/08/07,宇都宮地方裁判所足利支部,農地
R08/08/07,宇都宮地方裁判所大田原支部,農地
R08/08/07,金沢地方裁判所本庁,農地
R08/08/07,奈良地方裁判所本庁,農地
R08/08/07,高知地方裁判所本庁,農地
R08/08/07,名古屋地方裁判所岡崎支部,特別売却（農地）
R08/08/10,福島地方裁判所本庁,通常
R08/08/10,新潟地方裁判所高田支部,通常
R08/08/10,名古屋地方裁判所一宮支部,通常
R08/08/10,名古屋地方裁判所豊橋支部,通常
R08/08/10,鳥取地方裁判所米子支部,通常
R08/08/10,福岡地方裁判所本庁,通常
R08/08/10,福岡地方裁判所行橋支部,通常
R08/08/10,長崎地方裁判所本庁,通常
R08/08/10,熊本地方裁判所本庁,通常
R08/08/10,福島地方裁判所本庁,農地
R08/08/10,新潟地方裁判所高田支部,農地
R08/08/10,名古屋地方裁判所一宮支部,農地
R08/08/10,名古屋地方裁判所豊橋支部,農地
R08/08/10,鳥取地方裁判所米子支部,農地
R08/08/10,福岡地方裁判所本庁,農地
R08/08/10,長崎地方裁判所本庁,農地
R08/08/10,熊本地方裁判所本庁,農地
R08/08/12,福島地方裁判所郡山支部,通常
R08/08/12,福島地方裁判所会津若松支部,通常
R08/08/12,福島地方裁判所いわき支部,通常
R08/08/12,前橋地方裁判所沼田支部,通常
R08/08/12,さいたま地方裁判所川越支部,通常
R08/08/12,東京地方裁判所本庁,通常
R08/08/12,岐阜地方裁判所本庁,通常
R08/08/12,名古屋地方裁判所岡崎支部,通常
R08/08/12,大阪地方裁判所本庁,通常
R08/08/12,山口地方裁判所本庁,通常
R08/08/12,山口地方裁判所周南支部,通常
R08/08/12,徳島地方裁判所本庁,通常
R08/08/12,大分地方裁判所杵築支部,通常
R08/08/12,福島地方裁判所郡山支部,農地
R08/08/12,福島地方裁判所会津若松支部,農地
R08/08/12,福島地方裁判所いわき支部,農地
R08/08/12,前橋地方裁判所沼田支部,農地
R08/08/12,さいたま地方裁判所川越支部,農地
R08/08/12,岐阜地方裁判所本庁,農地
R08/08/12,名古屋地方裁判所岡崎支部,農地
R08/08/12,大阪地方裁判所本庁,農地
R08/08/12,山口地方裁判所本庁,農地
R08/08/12,山口地方裁判所周南支部,農地
R08/08/12,徳島地方裁判所本庁,農地
R08/08/12,大分地方裁判所杵築支部,農地
R08/08/13,青森地方裁判所八戸支部,通常
R08/08/13,横浜地方裁判所小田原支部,通常
R08/08/13,富山地方裁判所本庁,通常
R08/08/13,富山地方裁判所高岡支部,通常
R08/08/13,松江地方裁判所浜田支部,通常
R08/08/13,宮崎地方裁判所本庁,通常
R08/08/13,鹿児島地方裁判所名瀬支部,通常
R08/08/13,横浜地方裁判所小田原支部,農地
R08/08/13,松江地方裁判所浜田支部,農地
R08/08/13,宮崎地方裁判所本庁,農地
R08/08/13,鹿児島地方裁判所名瀬支部,農地
R08/08/14,札幌地方裁判所本庁,通常
R08/08/14,旭川地方裁判所本庁,通常
R08/08/14,盛岡地方裁判所一関支部,通常
R08/08/14,和歌山地方裁判所田辺支部,通常
R08/08/14,松江地方裁判所本庁,通常
R08/08/14,岡山地方裁判所本庁,通常
R08/08/14,岡山地方裁判所津山支部,通常
R08/08/14,札幌地方裁判所本庁,農地
R08/08/14,旭川地方裁判所本庁,農地
R08/08/14,松江地方裁判所本庁,農地
R08/08/14,岡山地方裁判所本庁,農地
R08/08/14,岡山地方裁判所津山支部,農地
R08/08/17,松江地方裁判所西郷支部,農地
R08/08/18,さいたま地方裁判所熊谷支部,通常
R08/08/18,千葉地方裁判所本庁,通常
R08/08/18,名古屋地方裁判所本庁,通常
R08/08/18,山口地方裁判所岩国支部,通常
R08/08/18,福岡地方裁判所久留米支部,通常
R08/08/18,福岡地方裁判所小倉支部,通常
R08/08/18,鹿児島地方裁判所本庁,通常
R08/08/18,さいたま地方裁判所熊谷支部,農地
R08/08/18,新潟地方裁判所佐渡支部,農地
R08/08/18,山口地方裁判所岩国支部,農地
R08/08/18,福岡地方裁判所久留米支部,農地
R08/08/18,鹿児島地方裁判所本庁,農地
R08/08/19,青森地方裁判所本庁,通常
R08/08/19,横浜地方裁判所川崎支部,通常
R08/08/19,横浜地方裁判所相模原支部,通常
R08/08/19,甲府地方裁判所本庁,通常
R08/08/19,長野地方裁判所佐久支部,通常
R08/08/19,岐阜地方裁判所多治見支部,通常
R08/08/19,津地方裁判所四日市支部,通常
R08/08/19,京都地方裁判所本庁,通常
R08/08/19,山口地方裁判所下関支部,通常
R08/08/19,鹿児島地方裁判所鹿屋支部,通常
R08/08/19,旭川地方裁判所本庁,特別売却
R08/08/19,釧路地方裁判所北見支部,特別売却
R08/08/19,青森地方裁判所弘前支部,特別売却
R08/08/19,秋田地方裁判所本庁,特別売却
R08/08/19,横浜地方裁判所本庁,特別売却
R08/08/19,青森地方裁判所本庁,農地
R08/08/19,甲府地方裁判所本庁,農地
R08/08/19,長野地方裁判所飯田支部,農地
R08/08/19,長野地方裁判所佐久支部,農地
R08/08/19,岐阜地方裁判所多治見支部,農地
R08/08/19,津地方裁判所四日市支部,農地
R08/08/19,京都地方裁判所本庁,農地
R08/08/19,山口地方裁判所下関支部,農地
R08/08/19,福岡地方裁判所柳川支部,農地
R08/08/19,鹿児島地方裁判所鹿屋支部,農地
R08/08/19,旭川地方裁判所本庁,特別売却（農地）
R08/08/19,釧路地方裁判所北見支部,特別売却（農地）
R08/08/19,青森地方裁判所弘前支部,特別売却（農地）
R08/08/20,函館地方裁判所本庁,通常
R08/08/20,釧路地方裁判所本庁,通常
R08/08/20,盛岡地方裁判所花巻支部,通常
R08/08/20,横浜地方裁判所本庁,通常
R08/08/20,長野地方裁判所本庁,通常
R08/08/20,長野地方裁判所松本支部,通常
R08/08/20,長野地方裁判所伊那支部,通常
R08/08/20,函館地方裁判所本庁,農地
R08/08/20,釧路地方裁判所本庁,農地
R08/08/20,盛岡地方裁判所花巻支部,農地
R08/08/20,長野地方裁判所本庁,農地
R08/08/21,秋田地方裁判所本庁,通常
R08/08/21,新潟地方裁判所本庁,通常
R08/08/21,津地方裁判所本庁,通常
R08/08/21,津地方裁判所伊賀支部,通常
R08/08/21,津地方裁判所伊勢支部,通常
R08/08/21,札幌地方裁判所本庁,特別売却
R08/08/21,青森地方裁判所本庁,特別売却
R08/08/21,新潟地方裁判所本庁,農地
R08/08/21,津地方裁判所本庁,農地
R08/08/21,津地方裁判所伊賀支部,農地
R08/08/21,津地方裁判所伊勢支部,農地
R08/08/21,札幌地方裁判所本庁,特別売却（農地）
R08/08/21,青森地方裁判所本庁,特別売却（農地）
R08/08/24,広島地方裁判所本庁,通常
R08/08/24,広島地方裁判所福山支部,通常
R08/08/24,長崎地方裁判所佐世保支部,通常
R08/08/24,函館地方裁判所本庁,特別売却
R08/08/24,大津地方裁判所彦根支部,特別売却
R08/08/24,広島地方裁判所本庁,農地
R08/08/24,広島地方裁判所福山支部,農地
R08/08/24,長崎地方裁判所佐世保支部,農地
R08/08/24,函館地方裁判所本庁,特別売却（農地）
R08/08/24,大津地方裁判所彦根支部,特別売却（農地）
R08/08/25,佐賀地方裁判所本庁,通常
R08/08/25,佐賀地方裁判所本庁,農地
R08/08/27,熊本地方裁判所八代支部,通常
R08/08/27,釧路地方裁判所帯広支部,特別売却
R08/08/27,東京地方裁判所本庁,特別売却
R08/08/27,福井地方裁判所本庁,特別売却
R08/08/27,長野地方裁判所飯田支部,特別売却
R08/08/27,名古屋地方裁判所本庁,特別売却
R08/08/27,釧路地方裁判所帯広支部,特別売却（農地）
R08/08/27,福井地方裁判所本庁,特別売却（農地）
R08/08/27,長野地方裁判所飯田支部,特別売却（農地）
R08/08/28,仙台地方裁判所本庁,通常
R08/08/28,大津地方裁判所長浜支部,特別売却
R08/08/28,仙台地方裁判所本庁,農地
R08/08/28,大津地方裁判所長浜支部,特別売却（農地）
R08/08/31,水戸地方裁判所土浦支部,通常
R08/08/31,静岡地方裁判所本庁,通常
R08/08/31,静岡地方裁判所沼津支部,通常
R08/08/31,静岡地方裁判所浜松支部,通常
R08/08/31,静岡地方裁判所富士支部,通常
R08/08/31,広島地方裁判所本庁,特別売却
R08/08/31,広島地方裁判所福山支部,特別売却
R08/08/31,水戸地方裁判所土浦支部,農地
R08/08/31,静岡地方裁判所本庁,農地
R08/08/31,静岡地方裁判所沼津支部,農地
R08/08/31,静岡地方裁判所浜松支部,農地
R08/08/31,静岡地方裁判所富士支部,農地
R08/08/31,広島地方裁判所本庁,特別売却（農地）
R08/08/31,広島地方裁判所福山支部,特別売却（農地）
R08/09/01,青森地方裁判所弘前支部,通常
R08/09/01,さいたま地方裁判所越谷支部,通常
R08/09/01,東京地方裁判所本庁,通常
R08/09/01,神戸地方裁判所姫路支部,通常
R08/09/01,青森地方裁判所弘前支部,農地
R08/09/01,さいたま地方裁判所越谷支部,農地
R08/09/01,神戸地方裁判所姫路支部,農地
R08/09/02,水戸地方裁判所本庁,通常
R08/09/02,水戸地方裁判所龍ケ崎支部,通常
R08/09/02,前橋地方裁判所高崎支部,通常
R08/09/02,大阪地方裁判所本庁,通常
R08/09/02,福岡地方裁判所八女支部,通常
R08/09/02,東京地方裁判所立川支部,特別売却
R08/09/02,横浜地方裁判所本庁,特別売却
R08/09/02,大津地方裁判所本庁,特別売却
R08/09/02,京都地方裁判所宮津支部,特別売却
R08/09/02,水戸地方裁判所本庁,農地
R08/09/02,水戸地方裁判所龍ケ崎支部,農地
R08/09/02,福岡地方裁判所八女支部,農地
R08/09/02,東京地方裁判所立川支部,特別売却（農地）
R08/09/02,横浜地方裁判所本庁,特別売却（農地）
R08/09/02,大津地方裁判所本庁,特別売却（農地）
R08/09/03,横浜地方裁判所本庁,通常
R08/09/03,松山地方裁判所本庁,通常
R08/09/03,大分地方裁判所日田支部,通常
R08/09/03,さいたま地方裁判所本庁,特別売却
R08/09/03,さいたま地方裁判所越谷支部,特別売却
R08/09/03,千葉地方裁判所本庁,特別売却
R08/09/03,長野地方裁判所諏訪支部,特別売却
R08/09/03,京都地方裁判所舞鶴支部,特別売却
R08/09/03,高松地方裁判所本庁,特別売却
R08/09/03,松山地方裁判所本庁,農地
R08/09/03,さいたま地方裁判所本庁,特別売却（農地）
R08/09/03,さいたま地方裁判所越谷支部,特別売却（農地）
R08/09/03,千葉地方裁判所本庁,特別売却（農地）
R08/09/03,長野地方裁判所諏訪支部,特別売却（農地）
R08/09/03,高松地方裁判所本庁,特別売却（農地）
R08/09/04,福島地方裁判所相馬支部,通常
R08/09/04,水戸地方裁判所下妻支部,通常
R08/09/04,高松地方裁判所本庁,通常
R08/09/04,長野地方裁判所上田支部,特別売却
R08/09/04,福島地方裁判所相馬支部,農地
R08/09/04,水戸地方裁判所下妻支部,農地
R08/09/04,高松地方裁判所本庁,農地
R08/09/04,長野地方裁判所上田支部,特別売却（農地）
R08/09/07,新潟地方裁判所高田支部,通常
R08/09/07,神戸地方裁判所本庁,通常
R08/09/07,福岡地方裁判所田川支部,通常
R08/09/07,新潟地方裁判所佐渡支部,特別売却
R08/09/07,京都地方裁判所福知山支部,特別売却
R08/09/07,新潟地方裁判所高田支部,農地
R08/09/07,福岡地方裁判所田川支部,農地
R08/09/07,新潟地方裁判所佐渡支部,特別売却（農地）
R08/09/08,前橋地方裁判所桐生支部,通常
R08/09/08,千葉地方裁判所松戸支部,通常
R08/09/08,東京地方裁判所立川支部,通常
R08/09/08,神戸地方裁判所尼崎支部,通常
R08/09/08,鳥取地方裁判所本庁,通常
R08/09/08,山口地方裁判所周南支部,通常
R08/09/08,徳島地方裁判所本庁,通常
R08/09/08,福岡地方裁判所本庁,通常
R08/09/08,那覇地方裁判所本庁,通常
R08/09/08,新潟地方裁判所本庁,特別売却
R08/09/08,東京地方裁判所立川支部,農地
R08/09/08,神戸地方裁判所尼崎支部,農地
R08/09/08,鳥取地方裁判所本庁,農地
R08/09/08,山口地方裁判所周南支部,農地
R08/09/08,徳島地方裁判所本庁,農地
R08/09/08,那覇地方裁判所本庁,農地
R08/09/08,新潟地方裁判所本庁,特別売却（農地）
R08/09/09,前橋地方裁判所本庁,通常
R08/09/09,横浜地方裁判所小田原支部,通常
R08/09/09,大分地方裁判所杵築支部,通常
R08/09/09,鹿児島地方裁判所鹿屋支部,通常
R08/09/09,宇都宮地方裁判所本庁,特別売却
R08/09/09,静岡地方裁判所本庁,特別売却
R08/09/09,横浜地方裁判所小田原支部,農地
R08/09/09,鹿児島地方裁判所鹿屋支部,農地
R08/09/09,宇都宮地方裁判所本庁,特別売却（農地）
R08/09/09,静岡地方裁判所本庁,特別売却（農地）
R08/09/10,青森地方裁判所八戸支部,通常
R08/09/10,前橋地方裁判所太田支部,通常
R08/09/10,横浜地方裁判所横須賀支部,通常
R08/09/10,福井地方裁判所本庁,通常
R08/09/10,和歌山地方裁判所新宮支部,通常
R08/09/10,大分地方裁判所本庁,通常
R08/09/10,宮崎地方裁判所本庁,通常
R08/09/10,水戸地方裁判所下妻支部,特別売却
R08/09/10,前橋地方裁判所高崎支部,特別売却
R08/09/10,東京地方裁判所本庁,特別売却
R08/09/10,金沢地方裁判所本庁,特別売却
R08/09/10,静岡地方裁判所沼津支部,特別売却
R08/09/10,静岡地方裁判所浜松支部,特別売却
R08/09/10,静岡地方裁判所富士支部,特別売却
R08/09/10,名古屋地方裁判所一宮支部,特別売却
R08/09/10,名古屋地方裁判所豊橋支部,特別売却
R08/09/10,高知地方裁判所本庁,特別売却
R08/09/10,横浜地方裁判所横須賀支部,農地
R08/09/10,福井地方裁判所本庁,農地
R08/09/10,大分地方裁判所本庁,農地
R08/09/10,宮崎地方裁判所本庁,農地
R08/09/10,水戸地方裁判所下妻支部,特別売却（農地）
R08/09/10,前橋地方裁判所高崎支部,特別売却（農地）
R08/09/10,金沢地方裁判所本庁,特別売却（農地）
R08/09/10,静岡地方裁判所沼津支部,特別売却（農地）
R08/09/10,静岡地方裁判所浜松支部,特別売却（農地）
R08/09/10,静岡地方裁判所富士支部,特別売却（農地）
R08/09/10,名古屋地方裁判所一宮支部,特別売却（農地）
R08/09/10,名古屋地方裁判所豊橋支部,特別売却（農地）
R08/09/10,高知地方裁判所本庁,特別売却（農地）
R08/09/11,盛岡地方裁判所宮古支部,通常
R08/09/11,松江地方裁判所本庁,通常
R08/09/11,岡山地方裁判所本庁,通常
R08/09/11,岡山地方裁判所津山支部,通常
R08/09/11,高知地方裁判所本庁,通常
R08/09/11,札幌地方裁判所本庁,特別売却
R08/09/11,宇都宮地方裁判所大田原支部,特別売却
R08/09/11,さいたま地方裁判所川越支部,特別売却
R08/09/11,千葉地方裁判所松戸支部,特別売却
R08/09/11,横浜地方裁判所横須賀支部,特別売却
R08/09/11,新潟地方裁判所長岡支部,特別売却
R08/09/11,名古屋地方裁判所岡崎支部,特別売却
R08/09/11,松江地方裁判所浜田支部,特別売却
R08/09/11,松山地方裁判所本庁,特別売却
R08/09/11,松江地方裁判所本庁,農地
R08/09/11,岡山地方裁判所本庁,農地
R08/09/11,岡山地方裁判所津山支部,農地
R08/09/11,高知地方裁判所本庁,農地
R08/09/11,宇都宮地方裁判所大田原支部,特別売却（農地）
R08/09/11,さいたま地方裁判所川越支部,特別売却（農地）
R08/09/11,横浜地方裁判所横須賀支部,特別売却（農地）
R08/09/11,新潟地方裁判所長岡支部,特別売却（農地）
R08/09/11,名古屋地方裁判所岡崎支部,特別売却（農地）
R08/09/11,松江地方裁判所浜田支部,特別売却（農地）
R08/09/11,松山地方裁判所本庁,特別売却（農地）
R08/09/14,水戸地方裁判所土浦支部,特別売却
R08/09/14,水戸地方裁判所土浦支部,特別売却（農地）
R08/09/15,釧路地方裁判所北見支部,通常
R08/09/15,山形地方裁判所本庁,通常
R08/09/15,山形地方裁判所酒田支部,通常
R08/09/15,福島地方裁判所本庁,通常
R08/09/15,福島地方裁判所いわき支部,通常
R08/09/15,さいたま地方裁判所本庁,通常
R08/09/15,さいたま地方裁判所熊谷支部,通常
R08/09/15,千葉地方裁判所本庁,通常
R08/09/15,東京地方裁判所本庁,通常
R08/09/15,名古屋地方裁判所本庁,通常
R08/09/15,名古屋地方裁判所一宮支部,通常
R08/09/15,名古屋地方裁判所豊橋支部,通常
R08/09/15,大津地方裁判所本庁,通常
R08/09/15,山口地方裁判所岩国支部,通常
R08/09/15,佐賀地方裁判所本庁,通常
R08/09/15,鹿児島地方裁判所本庁,通常
R08/09/15,松江地方裁判所本庁,特別売却
R08/09/15,釧路地方裁判所北見支部,農地
R08/09/15,山形地方裁判所本庁,農地
R08/09/15,福島地方裁判所本庁,農地
R08/09/15,福島地方裁判所いわき支部,農地
R08/09/15,千葉地方裁判所本庁,農地
R08/09/15,名古屋地方裁判所本庁,農地
R08/09/15,名古屋地方裁判所一宮支部,農地
R08/09/15,名古屋地方裁判所豊橋支部,農地
R08/09/15,山口地方裁判所岩国支部,農地
R08/09/15,佐賀地方裁判所本庁,農地
R08/09/15,鹿児島地方裁判所本庁,農地
R08/09/15,松江地方裁判所本庁,特別売却（農地）
R08/09/16,釧路地方裁判所帯広支部,通常
R08/09/16,盛岡地方裁判所本庁,通常
R08/09/16,福島地方裁判所郡山支部,通常
R08/09/16,福島地方裁判所会津若松支部,通常
R08/09/16,宇都宮地方裁判所本庁,通常
R08/09/16,さいたま地方裁判所川越支部,通常
R08/09/16,横浜地方裁判所川崎支部,通常
R08/09/16,横浜地方裁判所相模原支部,通常
R08/09/16,甲府地方裁判所本庁,通常
R08/09/16,長野地方裁判所飯田支部,通常
R08/09/16,岐阜地方裁判所本庁,通常
R08/09/16,名古屋地方裁判所岡崎支部,通常
R08/09/16,津地方裁判所四日市支部,通常
R08/09/16,京都地方裁判所本庁,通常
R08/09/16,山口地方裁判所本庁,通常
R08/09/16,山口地方裁判所下関支部,通常
R08/09/16,福岡地方裁判所飯塚支部,通常
R08/09/16,福岡地方裁判所柳川支部,通常
R08/09/16,大分地方裁判所中津支部,通常
R08/09/16,大分地方裁判所佐伯支部,通常
R08/09/16,大分地方裁判所竹田支部,通常
R08/09/16,旭川地方裁判所本庁,特別売却
R08/09/16,青森地方裁判所弘前支部,特別売却
R08/09/16,秋田地方裁判所本庁,特別売却
R08/09/16,前橋地方裁判所本庁,特別売却
R08/09/16,横浜地方裁判所本庁,特別売却
R08/09/16,富山地方裁判所本庁,特別売却
R08/09/16,岐阜地方裁判所本庁,特別売却
R08/09/16,釧路地方裁判所帯広支部,農地
R08/09/16,盛岡地方裁判所本庁,農地
R08/09/16,福島地方裁判所郡山支部,農地
R08/09/16,福島地方裁判所会津若松支部,農地
R08/09/16,宇都宮地方裁判所本庁,農地
R08/09/16,横浜地方裁判所相模原支部,農地
R08/09/16,甲府地方裁判所本庁,農地
R08/09/16,岐阜地方裁判所本庁,農地
R08/09/16,名古屋地方裁判所岡崎支部,農地
R08/09/16,津地方裁判所四日市支部,農地
R08/09/16,山口地方裁判所本庁,農地
R08/09/16,山口地方裁判所下関支部,農地
R08/09/16,大分地方裁判所中津支部,農地
R08/09/16,旭川地方裁判所本庁,特別売却（農地）
R08/09/16,青森地方裁判所弘前支部,特別売却（農地）
R08/09/16,前橋地方裁判所本庁,特別売却（農地）
R08/09/16,岐阜地方裁判所本庁,特別売却（農地）
R08/09/17,青森地方裁判所本庁,通常
R08/09/17,盛岡地方裁判所花巻支部,通常
R08/09/17,横浜地方裁判所本庁,通常
R08/09/17,富山地方裁判所本庁,通常
R08/09/17,富山地方裁判所高岡支部,通常
R08/09/17,長野地方裁判所上田支部,通常
R08/09/17,松江地方裁判所浜田支部,通常
R08/09/17,福岡地方裁判所直方支部,通常
R08/09/17,鹿児島地方裁判所名瀬支部,通常
R08/09/17,釧路地方裁判所本庁,特別売却
R08/09/17,青森地方裁判所八戸支部,特別売却
R08/09/17,水戸地方裁判所龍ケ崎支部,特別売却
R08/09/17,宇都宮地方裁判所足利支部,特別売却
R08/09/17,前橋地方裁判所沼田支部,特別売却
R08/09/17,前橋地方裁判所太田支部,特別売却
R08/09/17,さいたま地方裁判所熊谷支部,特別売却
R08/09/17,千葉地方裁判所本庁,特別売却
R08/09/17,横浜地方裁判所川崎支部,特別売却
R08/09/17,横浜地方裁判所小田原支部,特別売却
R08/09/17,横浜地方裁判所相模原支部,特別売却
R08/09/17,新潟地方裁判所三条支部,特別売却
R08/09/17,富山地方裁判所高岡支部,特別売却
R08/09/17,長野地方裁判所佐久支部,特別売却
R08/09/17,名古屋地方裁判所本庁,特別売却
R08/09/17,津地方裁判所四日市支部,特別売却
R08/09/17,徳島地方裁判所本庁,特別売却
R08/09/17,青森地方裁判所本庁,農地
R08/09/17,横浜地方裁判所本庁,農地
R08/09/17,富山地方裁判所本庁,農地
R08/09/17,富山地方裁判所高岡支部,農地
R08/09/17,長野地方裁判所上田支部,農地
R08/09/17,長野地方裁判所伊那支部,農地
R08/09/17,松江地方裁判所浜田支部,農地
R08/09/17,鹿児島地方裁判所名瀬支部,農地
R08/09/17,釧路地方裁判所本庁,特別売却（農地）
R08/09/17,水戸地方裁判所龍ケ崎支部,特別売却（農地）
R08/09/17,宇都宮地方裁判所足利支部,特別売却（農地）
R08/09/17,前橋地方裁判所沼田支部,特別売却（農地）
R08/09/17,前橋地方裁判所太田支部,特別売却（農地）
R08/09/17,さいたま地方裁判所熊谷支部,特別売却（農地）
R08/09/17,横浜地方裁判所小田原支部,特別売却（農地）
R08/09/17,横浜地方裁判所相模原支部,特別売却（農地）
R08/09/17,新潟地方裁判所三条支部,特別売却（農地）
R08/09/17,長野地方裁判所佐久支部,特別売却（農地）
R08/09/17,名古屋地方裁判所本庁,特別売却（農地）
R08/09/17,徳島地方裁判所本庁,特別売却（農地）
R08/09/18,札幌地方裁判所本庁,通常
R08/09/18,旭川地方裁判所本庁,通常
R08/09/18,秋田地方裁判所本庁,通常
R08/09/18,秋田地方裁判所能代支部,通常
R08/09/18,宇都宮地方裁判所足利支部,通常
R08/09/18,宇都宮地方裁判所大田原支部,通常
R08/09/18,金沢地方裁判所本庁,通常
R08/09/18,岐阜地方裁判所多治見支部,通常
R08/09/18,津地方裁判所本庁,通常
R08/09/18,津地方裁判所伊賀支部,通常
R08/09/18,津地方裁判所伊勢支部,通常
R08/09/18,大阪地方裁判所本庁,通常
R08/09/18,大阪地方裁判所堺支部,通常
R08/09/18,奈良地方裁判所本庁,通常
R08/09/18,和歌山地方裁判所本庁,通常
R08/09/18,松江地方裁判所西郷支部,通常
R08/09/18,広島地方裁判所本庁,通常
R08/09/18,広島地方裁判所福山支部,通常
R08/09/18,福岡地方裁判所久留米支部,通常
R08/09/18,福岡地方裁判所小倉支部,通常
R08/09/18,長崎地方裁判所本庁,通常
R08/09/18,青森地方裁判所本庁,特別売却
R08/09/18,前橋地方裁判所桐生支部,特別売却
R08/09/18,新潟地方裁判所高田支部,特別売却
R08/09/18,甲府地方裁判所本庁,特別売却
R08/09/18,長野地方裁判所本庁,特別売却
R08/09/18,長野地方裁判所松本支部,特別売却
R08/09/18,長野地方裁判所伊那支部,特別売却
R08/09/18,津地方裁判所本庁,特別売却
R08/09/18,広島地方裁判所本庁,特別売却
R08/09/18,広島地方裁判所福山支部,特別売却
R08/09/18,旭川地方裁判所本庁,農地
R08/09/18,金沢地方裁判所本庁,農地
R08/09/18,岐阜地方裁判所多治見支部,農地
R08/09/18,津地方裁判所本庁,農地
R08/09/18,津地方裁判所伊賀支部,農地
R08/09/18,津地方裁判所伊勢支部,農地
R08/09/18,和歌山地方裁判所本庁,農地
R08/09/18,広島地方裁判所本庁,農地
R08/09/18,広島地方裁判所福山支部,農地
R08/09/18,福岡地方裁判所小倉支部,農地
R08/09/18,長崎地方裁判所本庁,農地
R08/09/18,青森地方裁判所本庁,特別売却（農地）
R08/09/18,前橋地方裁判所桐生支部,特別売却（農地）
R08/09/18,新潟地方裁判所高田支部,特別売却（農地）
R08/09/18,甲府地方裁判所本庁,特別売却（農地）
R08/09/18,長野地方裁判所本庁,特別売却（農地）
R08/09/18,長野地方裁判所松本支部,特別売却（農地）
R08/09/18,長野地方裁判所伊那支部,特別売却（農地）
R08/09/18,広島地方裁判所本庁,特別売却（農地）
R08/09/18,広島地方裁判所福山支部,特別売却（農地）
R08/09/24,釧路地方裁判所本庁,通常
R08/09/24,長野地方裁判所本庁,通常
R08/09/24,長野地方裁判所松本支部,通常
R08/09/24,奈良地方裁判所葛城支部,通常
R08/09/24,熊本地方裁判所八代支部,通常
R08/09/24,函館地方裁判所本庁,特別売却
R08/09/24,水戸地方裁判所本庁,特別売却
R08/09/24,津地方裁判所伊勢支部,特別売却
R08/09/24,釧路地方裁判所本庁,農地
R08/09/24,長野地方裁判所本庁,農地
R08/09/24,長野地方裁判所松本支部,農地
R08/09/24,奈良地方裁判所葛城支部,農地
R08/09/24,水戸地方裁判所本庁,特別売却（農地）
R08/09/25,函館地方裁判所本庁,通常
R08/09/25,盛岡地方裁判所一関支部,通常
R08/09/25,新潟地方裁判所三条支部,通常
R08/09/25,大阪地方裁判所岸和田支部,通常
R08/09/25,岐阜地方裁判所多治見支部,特別売却
R08/09/25,新潟地方裁判所三条支部,農地
R08/09/25,岐阜地方裁判所多治見支部,特別売却（農地）
R08/09/28,秋田地方裁判所大館支部,通常
R08/09/28,東京地方裁判所立川支部,通常
R08/09/28,新潟地方裁判所本庁,通常
R08/09/28,静岡地方裁判所本庁,通常
R08/09/28,静岡地方裁判所沼津支部,通常
R08/09/28,静岡地方裁判所浜松支部,通常
R08/09/28,静岡地方裁判所富士支部,通常
R08/09/28,神戸地方裁判所本庁,通常
R08/09/28,鳥取地方裁判所米子支部,通常
R08/09/28,津地方裁判所伊賀支部,特別売却
R08/09/28,新潟地方裁判所本庁,農地
R08/09/28,静岡地方裁判所本庁,農地
R08/09/28,静岡地方裁判所沼津支部,農地
R08/09/28,静岡地方裁判所浜松支部,農地
R08/09/28,静岡地方裁判所富士支部,農地
R08/09/28,鳥取地方裁判所米子支部,農地
R08/09/29,神戸地方裁判所姫路支部,通常
R08/09/29,福岡地方裁判所本庁,通常
R08/09/29,熊本地方裁判所本庁,通常
R08/09/29,那覇地方裁判所本庁,通常
R08/09/29,神戸地方裁判所姫路支部,農地
R08/09/29,福岡地方裁判所本庁,農地
R08/09/29,那覇地方裁判所本庁,農地
R08/09/30,青森地方裁判所弘前支部,通常
R08/09/30,仙台地方裁判所本庁,通常
R08/09/30,水戸地方裁判所本庁,通常
R08/09/30,東京地方裁判所本庁,通常
R08/09/30,長野地方裁判所諏訪支部,通常
R08/09/30,青森地方裁判所弘前支部,農地
R08/09/30,水戸地方裁判所本庁,農地
R08/09/30,長野地方裁判所諏訪支部,農地
R08/10/02,水戸地方裁判所下妻支部,通常
R08/10/02,東京地方裁判所本庁,特別売却
R08/10/02,福島地方裁判所相馬支部,農地
R08/10/02,水戸地方裁判所下妻支部,農地
R08/10/05,水戸地方裁判所土浦支部,通常
R08/10/05,大津地方裁判所彦根支部,通常
R08/10/05,福岡地方裁判所田川支部,通常
R08/10/05,水戸地方裁判所土浦支部,農地
R08/10/05,大津地方裁判所彦根支部,農地
R08/10/06,千葉地方裁判所松戸支部,通常
R08/10/06,名古屋地方裁判所本庁,通常
R08/10/06,大阪地方裁判所本庁,通常
R08/10/06,新潟地方裁判所本庁,特別売却
R08/10/06,新潟地方裁判所本庁,特別売却（農地）
R08/10/07,盛岡地方裁判所遠野支部,通常
R08/10/07,前橋地方裁判所高崎支部,通常
R08/10/07,前橋地方裁判所沼田支部,通常
R08/10/07,大分地方裁判所杵築支部,通常
R08/10/07,東京地方裁判所立川支部,特別売却
R08/10/07,横浜地方裁判所本庁,特別売却
R08/10/07,盛岡地方裁判所遠野支部,農地
R08/10/07,前橋地方裁判所高崎支部,農地
R08/10/07,長野地方裁判所飯田支部,農地
R08/10/07,大分地方裁判所杵築支部,農地
R08/10/08,青森地方裁判所八戸支部,通常
R08/10/08,秋田地方裁判所横手支部,通常
R08/10/08,山形地方裁判所鶴岡支部,通常
R08/10/08,横浜地方裁判所本庁,通常
R08/10/08,横浜地方裁判所横須賀支部,通常
R08/10/08,福井地方裁判所本庁,通常
R08/10/08,和歌山地方裁判所御坊支部,通常
R08/10/08,松山地方裁判所本庁,通常
R08/10/08,福岡地方裁判所大牟田支部,通常
R08/10/08,大分地方裁判所本庁,通常
R08/10/08,宮崎地方裁判所本庁,通常
R08/10/08,水戸地方裁判所下妻支部,特別売却
R08/10/08,さいたま地方裁判所越谷支部,特別売却
R08/10/08,福井地方裁判所本庁,特別売却
R08/10/08,高松地方裁判所本庁,特別売却
R08/10/08,横浜地方裁判所横須賀支部,農地
R08/10/08,福井地方裁判所本庁,農地
R08/10/08,和歌山地方裁判所御坊支部,農地
R08/10/08,松山地方裁判所本庁,農地
R08/10/08,福岡地方裁判所大牟田支部,農地
R08/10/08,宮崎地方裁判所本庁,農地
R08/10/08,水戸地方裁判所下妻支部,特別売却（農地）
R08/10/08,福井地方裁判所本庁,特別売却（農地）
R08/10/08,高松地方裁判所本庁,特別売却（農地）
R08/10/09,旭川地方裁判所本庁,通常
R08/10/09,福島地方裁判所相馬支部,通常
R08/10/09,水戸地方裁判所龍ケ崎支部,通常
R08/10/09,松江地方裁判所本庁,通常
R08/10/09,岡山地方裁判所本庁,通常
R08/10/09,岡山地方裁判所津山支部,通常
R08/10/09,高松地方裁判所本庁,通常
R08/10/09,松山地方裁判所本庁,特別売却
R08/10/09,旭川地方裁判所本庁,農地
R08/10/09,水戸地方裁判所龍ケ崎支部,農地
R08/10/09,松江地方裁判所本庁,農地
R08/10/09,岡山地方裁判所本庁,農地
R08/10/09,岡山地方裁判所津山支部,農地
R08/10/09,高松地方裁判所本庁,農地
R08/10/09,松山地方裁判所本庁,特別売却（農地）
R08/10/13,福島地方裁判所本庁,通常
R08/10/13,福島地方裁判所いわき支部,通常
R08/10/13,前橋地方裁判所桐生支部,通常
R08/10/13,さいたま地方裁判所本庁,通常
R08/10/13,さいたま地方裁判所熊谷支部,通常
R08/10/13,さいたま地方裁判所越谷支部,通常
R08/10/13,千葉地方裁判所本庁,通常
R08/10/13,新潟地方裁判所高田支部,通常
R08/10/13,名古屋地方裁判所一宮支部,通常
R08/10/13,名古屋地方裁判所豊橋支部,通常
R08/10/13,大津地方裁判所本庁,通常
R08/10/13,京都地方裁判所宮津支部,通常
R08/10/13,鳥取地方裁判所本庁,通常
R08/10/13,山口地方裁判所周南支部,通常
R08/10/13,徳島地方裁判所本庁,通常
R08/10/13,水戸地方裁判所土浦支部,特別売却
R08/10/13,福島地方裁判所本庁,農地
R08/10/13,福島地方裁判所いわき支部,農地
R08/10/13,さいたま地方裁判所熊谷支部,農地
R08/10/13,新潟地方裁判所高田支部,農地
R08/10/13,名古屋地方裁判所一宮支部,農地
R08/10/13,名古屋地方裁判所豊橋支部,農地
R08/10/13,大津地方裁判所本庁,農地
R08/10/13,鳥取地方裁判所本庁,農地
R08/10/13,山口地方裁判所周南支部,農地
R08/10/13,徳島地方裁判所本庁,農地
R08/10/14,秋田地方裁判所大曲支部,通常
R08/10/14,福島地方裁判所郡山支部,通常
R08/10/14,福島地方裁判所会津若松支部,通常
R08/10/14,宇都宮地方裁判所本庁,通常
R08/10/14,前橋地方裁判所本庁,通常
R08/10/14,東京地方裁判所本庁,通常
R08/10/14,横浜地方裁判所川崎支部,通常
R08/10/14,横浜地方裁判所小田原支部,通常
R08/10/14,長野地方裁判所佐久支部,通常
R08/10/14,岐阜地方裁判所本庁,通常
R08/10/14,名古屋地方裁判所岡崎支部,通常
R08/10/14,山口地方裁判所本庁,通常
R08/10/14,釧路地方裁判所北見支部,特別売却
R08/10/14,静岡地方裁判所本庁,特別売却
R08/10/14,松江地方裁判所本庁,特別売却
R08/10/14,福島地方裁判所郡山支部,農地
R08/10/14,福島地方裁判所会津若松支部,農地
R08/10/14,横浜地方裁判所小田原支部,農地
R08/10/14,長野地方裁判所佐久支部,農地
R08/10/14,名古屋地方裁判所岡崎支部,農地
R08/10/14,山口地方裁判所本庁,農地
R08/10/14,釧路地方裁判所北見支部,特別売却（農地）
R08/10/14,静岡地方裁判所本庁,特別売却（農地）
R08/10/14,松江地方裁判所本庁,特別売却（農地）
R08/10/15,青森地方裁判所本庁,通常
R08/10/15,盛岡地方裁判所花巻支部,通常
R08/10/15,前橋地方裁判所太田支部,通常
R08/10/15,大津地方裁判所長浜支部,通常
R08/10/15,京都地方裁判所舞鶴支部,通常
R08/10/15,和歌山地方裁判所新宮支部,通常
R08/10/15,福岡地方裁判所直方支部,通常
R08/10/15,大分地方裁判所日田支部,通常
R08/10/15,鹿児島地方裁判所名瀬支部,通常
R08/10/15,釧路地方裁判所帯広支部,特別売却
R08/10/15,秋田地方裁判所本庁,特別売却
R08/10/15,水戸地方裁判所龍ケ崎支部,特別売却
R08/10/15,前橋地方裁判所高崎支部,特別売却
R08/10/15,さいたま地方裁判所本庁,特別売却
R08/10/15,さいたま地方裁判所熊谷支部,特別売却
R08/10/15,千葉地方裁判所本庁,特別売却
R08/10/15,東京地方裁判所本庁,特別売却
R08/10/15,横浜地方裁判所川崎支部,特別売却
R08/10/15,横浜地方裁判所小田原支部,特別売却
R08/10/15,長野地方裁判所飯田支部,特別売却
R08/10/15,静岡地方裁判所沼津支部,特別売却
R08/10/15,静岡地方裁判所浜松支部,特別売却
R08/10/15,静岡地方裁判所富士支部,特別売却
R08/10/15,名古屋地方裁判所本庁,特別売却
R08/10/15,名古屋地方裁判所一宮支部,特別売却
R08/10/15,名古屋地方裁判所豊橋支部,特別売却
R08/10/15,津地方裁判所四日市支部,特別売却
R08/10/15,徳島地方裁判所本庁,特別売却
R08/10/15,青森地方裁判所本庁,農地
R08/10/15,盛岡地方裁判所花巻支部,農地
R08/10/15,大津地方裁判所長浜支部,農地
R08/10/15,和歌山地方裁判所新宮支部,農地
R08/10/15,大分地方裁判所日田支部,農地
R08/10/15,鹿児島地方裁判所名瀬支部,農地
R08/10/15,横浜地方裁判所小田原支部,特別売却（農地）
R08/10/15,長野地方裁判所飯田支部,特別売却（農地）
R08/10/15,静岡地方裁判所沼津支部,特別売却（農地）
R08/10/15,静岡地方裁判所浜松支部,特別売却（農地）
R08/10/15,静岡地方裁判所富士支部,特別売却（農地）
R08/10/15,名古屋地方裁判所本庁,特別売却（農地）
R08/10/15,名古屋地方裁判所一宮支部,特別売却（農地）
R08/10/15,名古屋地方裁判所豊橋支部,特別売却（農地）
R08/10/15,徳島地方裁判所本庁,特別売却（農地）
R08/10/16,京都地方裁判所福知山支部,通常
R08/10/16,大阪地方裁判所堺支部,通常
R08/10/16,松江地方裁判所西郷支部,通常
R08/10/16,高知地方裁判所本庁,通常
R08/10/16,札幌地方裁判所本庁,特別売却
R08/10/16,青森地方裁判所本庁,特別売却
R08/10/16,さいたま地方裁判所川越支部,特別売却
R08/10/16,千葉地方裁判所松戸支部,特別売却
R08/10/16,横浜地方裁判所横須賀支部,特別売却
R08/10/16,新潟地方裁判所高田支部,特別売却
R08/10/16,甲府地方裁判所本庁,特別売却
R08/10/16,長野地方裁判所上田支部,特別売却
R08/10/16,名古屋地方裁判所岡崎支部,特別売却
R08/10/16,津地方裁判所本庁,特別売却
R08/10/16,松江地方裁判所浜田支部,特別売却
R08/10/16,盛岡地方裁判所一関支部,農地
R08/10/16,大阪地方裁判所堺支部,農地
R08/10/16,高知地方裁判所本庁,農地
R08/10/16,札幌地方裁判所本庁,特別売却（農地）
R08/10/16,青森地方裁判所本庁,特別売却（農地）
R08/10/16,千葉地方裁判所松戸支部,特別売却（農地）
R08/10/16,横浜地方裁判所横須賀支部,特別売却（農地）
R08/10/16,新潟地方裁判所高田支部,特別売却（農地）
R08/10/16,甲府地方裁判所本庁,特別売却（農地）
R08/10/16,長野地方裁判所上田支部,特別売却（農地）
R08/10/16,名古屋地方裁判所岡崎支部,特別売却（農地）
R08/10/16,松江地方裁判所浜田支部,特別売却（農地）
R08/10/19,東京地方裁判所立川支部,通常
R08/10/19,新潟地方裁判所長岡支部,通常
R08/10/19,広島地方裁判所本庁,通常
R08/10/19,広島地方裁判所福山支部,通常
R08/10/19,福岡地方裁判所行橋支部,通常
R08/10/19,長崎地方裁判所本庁,通常
R08/10/19,熊本地方裁判所本庁,通常
R08/10/19,水戸地方裁判所本庁,特別売却
R08/10/19,津地方裁判所伊勢支部,特別売却
R08/10/19,広島地方裁判所本庁,特別売却
R08/10/19,広島地方裁判所福山支部,特別売却
R08/10/19,新潟地方裁判所長岡支部,農地
R08/10/19,広島地方裁判所本庁,農地
R08/10/19,広島地方裁判所福山支部,農地
R08/10/19,福岡地方裁判所行橋支部,農地
R08/10/19,長崎地方裁判所本庁,農地
R08/10/19,熊本地方裁判所本庁,農地
R08/10/19,水戸地方裁判所本庁,特別売却（農地）
R08/10/19,広島地方裁判所本庁,特別売却（農地）
R08/10/19,広島地方裁判所福山支部,特別売却（農地）
R08/10/20,山形地方裁判所本庁,通常
R08/10/20,新潟地方裁判所佐渡支部,通常
R08/10/20,神戸地方裁判所尼崎支部,通常
R08/10/20,神戸地方裁判所姫路支部,通常
R08/10/20,山口地方裁判所岩国支部,通常
R08/10/20,福岡地方裁判所本庁,通常
R08/10/20,福岡地方裁判所久留米支部,通常
R08/10/20,佐賀地方裁判所本庁,通常
R08/10/20,山口地方裁判所岩国支部,農地
R08/10/20,佐賀地方裁判所本庁,農地
R08/10/21,さいたま地方裁判所川越支部,通常
R08/10/21,横浜地方裁判所相模原支部,通常
R08/10/21,甲府地方裁判所本庁,通常
R08/10/21,岐阜地方裁判所多治見支部,通常
R08/10/21,津地方裁判所四日市支部,通常
R08/10/21,京都地方裁判所本庁,通常
R08/10/21,山口地方裁判所下関支部,通常
R08/10/21,大分地方裁判所佐伯支部,通常
R08/10/21,鹿児島地方裁判所鹿屋支部,通常
R08/10/21,旭川地方裁判所本庁,特別売却
R08/10/21,青森地方裁判所弘前支部,特別売却
R08/10/21,宇都宮地方裁判所本庁,特別売却
R08/10/21,前橋地方裁判所本庁,特別売却
R08/10/21,横浜地方裁判所本庁,特別売却
R08/10/21,富山地方裁判所本庁,特別売却
R08/10/21,岐阜地方裁判所本庁,特別売却
R08/10/21,大津地方裁判所本庁,特別売却
R08/10/21,山口地方裁判所下関支部,農地
R08/10/21,大分地方裁判所佐伯支部,農地
R08/10/21,鹿児島地方裁判所鹿屋支部,農地
R08/10/21,旭川地方裁判所本庁,特別売却（農地）
R08/10/21,青森地方裁判所弘前支部,特別売却（農地）
R08/10/21,宇都宮地方裁判所本庁,特別売却（農地）
R08/10/21,前橋地方裁判所本庁,特別売却（農地）
R08/10/21,横浜地方裁判所本庁,特別売却（農地）
R08/10/21,富山地方裁判所本庁,特別売却（農地）
R08/10/21,岐阜地方裁判所本庁,特別売却（農地）
R08/10/22,函館地方裁判所本庁,通常
R08/10/22,釧路地方裁判所本庁,通常
R08/10/22,横浜地方裁判所本庁,通常
R08/10/22,富山地方裁判所本庁,通常
R08/10/22,富山地方裁判所高岡支部,通常
R08/10/22,長野地方裁判所本庁,通常
R08/10/22,長野地方裁判所松本支部,通常
R08/10/22,長野地方裁判所伊那支部,通常
R08/10/22,大阪地方裁判所本庁,通常
R08/10/22,松江地方裁判所浜田支部,通常
R08/10/22,釧路地方裁判所本庁,特別売却
R08/10/22,青森地方裁判所八戸支部,特別売却
R08/10/22,前橋地方裁判所太田支部,特別売却
R08/10/22,横浜地方裁判所相模原支部,特別売却
R08/10/22,富山地方裁判所高岡支部,特別売却
R08/10/22,金沢地方裁判所本庁,特別売却
R08/10/22,津地方裁判所伊賀支部,特別売却
R08/10/22,高知地方裁判所本庁,特別売却
R08/10/22,函館地方裁判所本庁,農地
R08/10/22,横浜地方裁判所本庁,農地
R08/10/22,長野地方裁判所本庁,農地
R08/10/22,松江地方裁判所浜田支部,農地
R08/10/22,釧路地方裁判所本庁,特別売却（農地）
R08/10/22,前橋地方裁判所太田支部,特別売却（農地）
R08/10/22,富山地方裁判所高岡支部,特別売却（農地）
R08/10/22,金沢地方裁判所本庁,特別売却（農地）
R08/10/22,高知地方裁判所本庁,特別売却（農地）
R08/10/23,札幌地方裁判所本庁,通常
R08/10/23,秋田地方裁判所本庁,通常
R08/10/23,新潟地方裁判所三条支部,通常
R08/10/23,津地方裁判所本庁,通常
R08/10/23,津地方裁判所伊賀支部,通常
R08/10/23,津地方裁判所伊勢支部,通常
R08/10/23,和歌山地方裁判所本庁,通常
R08/10/23,和歌山地方裁判所田辺支部,通常
R08/10/23,長崎地方裁判所佐世保支部,通常
R08/10/23,宇都宮地方裁判所大田原支部,特別売却
R08/10/23,前橋地方裁判所桐生支部,特別売却
R08/10/23,長野地方裁判所本庁,特別売却
R08/10/23,長野地方裁判所松本支部,特別売却
R08/10/23,札幌地方裁判所本庁,農地
R08/10/23,和歌山地方裁判所田辺支部,農地
R08/10/23,長崎地方裁判所佐世保支部,農地
R08/10/23,宇都宮地方裁判所大田原支部,特別売却（農地）
R08/10/23,長野地方裁判所本庁,特別売却（農地）
R08/10/26,静岡地方裁判所本庁,通常
R08/10/26,静岡地方裁判所沼津支部,通常
R08/10/26,静岡地方裁判所浜松支部,通常
R08/10/26,静岡地方裁判所富士支部,通常
R08/10/26,神戸地方裁判所本庁,通常
R08/10/26,函館地方裁判所本庁,特別売却
R08/10/26,静岡地方裁判所本庁,農地
R08/10/26,静岡地方裁判所沼津支部,農地
R08/10/26,静岡地方裁判所浜松支部,農地
R08/10/26,静岡地方裁判所富士支部,農地
R08/10/26,函館地方裁判所本庁,特別売却（農地）
R08/10/27,青森地方裁判所弘前支部,通常
R08/10/27,秋田地方裁判所大館支部,通常
R08/10/27,東京地方裁判所本庁,通常
R08/10/27,新潟地方裁判所本庁,通常
R08/10/27,名古屋地方裁判所本庁,通常
R08/10/27,福岡地方裁判所小倉支部,通常
R08/10/27,鹿児島地方裁判所本庁,通常
R08/10/27,那覇地方裁判所本庁,通常
R08/10/27,青森地方裁判所弘前支部,農地
R08/10/27,鹿児島地方裁判所本庁,農地
R08/10/27,那覇地方裁判所本庁,農地
R08/10/28,仙台地方裁判所本庁,通常
R08/10/28,水戸地方裁判所本庁,通常
R08/10/28,福岡地方裁判所八女支部,通常
R08/10/28,大分地方裁判所中津支部,通常
R08/10/28,東京地方裁判所立川支部,特別売却
R08/10/28,水戸地方裁判所本庁,農地
R08/10/28,福岡地方裁判所八女支部,農地
R08/10/29,大分地方裁判所本庁,通常
R08/10/29,宇都宮地方裁判所足利支部,特別売却
R08/10/29,東京地方裁判所本庁,特別売却
R08/10/29,長野地方裁判所諏訪支部,特別売却
R08/10/29,大分地方裁判所本庁,農地
R08/10/29,宇都宮地方裁判所足利支部,特別売却（農地）
R08/10/29,長野地方裁判所諏訪支部,特別売却（農地）
R08/10/30,水戸地方裁判所下妻支部,通常
R08/10/30,宇都宮地方裁判所足利支部,通常
R08/10/30,宇都宮地方裁判所大田原支部,通常
R08/10/30,金沢地方裁判所本庁,通常
R08/10/30,岐阜地方裁判所多治見支部,特別売却
R08/10/30,金沢地方裁判所本庁,農地
R08/10/30,岐阜地方裁判所多治見支部,特別売却（農地）
R08/11/02,山形地方裁判所酒田支部,通常
R08/11/02,水戸地方裁判所土浦支部,通常
R08/11/02,千葉地方裁判所本庁,通常
R08/11/02,福岡地方裁判所田川支部,通常
R08/11/02,水戸地方裁判所土浦支部,農地
R08/11/04,盛岡地方裁判所本庁,通常
R08/11/04,福島地方裁判所郡山支部,通常
R08/11/04,水戸地方裁判所龍ケ崎支部,通常
R08/11/04,千葉地方裁判所松戸支部,通常
R08/11/04,長野地方裁判所飯田支部,通常
R08/11/04,福岡地方裁判所飯塚支部,通常
R08/11/04,盛岡地方裁判所本庁,農地
R08/11/05,横浜地方裁判所本庁,通常
R08/11/05,福井地方裁判所本庁,通常
R08/11/05,長野地方裁判所上田支部,通常
R08/11/05,奈良地方裁判所葛城支部,通常
R08/11/05,福岡地方裁判所大牟田支部,通常
R08/11/05,大分地方裁判所竹田支部,通常
R08/11/05,水戸地方裁判所下妻支部,特別売却
R08/11/05,福井地方裁判所本庁,特別売却
R08/11/05,名古屋地方裁判所本庁,特別売却
R08/11/05,福井地方裁判所本庁,農地
R08/11/05,長野地方裁判所上田支部,農地
R08/11/05,福岡地方裁判所大牟田支部,農地
R08/11/05,水戸地方裁判所下妻支部,特別売却（農地）
R08/11/05,福井地方裁判所本庁,特別売却（農地）
R08/11/06,旭川地方裁判所本庁,通常
R08/11/06,盛岡地方裁判所一関支部,通常
R08/11/06,福島地方裁判所相馬支部,通常
R08/11/06,大阪地方裁判所岸和田支部,通常
R08/11/06,松江地方裁判所本庁,通常
R08/11/06,旭川地方裁判所本庁,農地
R08/11/06,大阪地方裁判所岸和田支部,農地
R08/11/06,松江地方裁判所本庁,農地
R08/11/09,新潟地方裁判所高田支部,通常
R08/11/09,鳥取地方裁判所米子支部,通常
R08/11/09,広島地方裁判所本庁,通常
R08/11/09,広島地方裁判所福山支部,通常
R08/11/09,新潟地方裁判所高田支部,農地
R08/11/09,鳥取地方裁判所米子支部,農地
R08/11/10,釧路地方裁判所北見支部,通常
R08/11/10,福島地方裁判所本庁,通常
R08/11/10,福島地方裁判所いわき支部,通常
R08/11/10,さいたま地方裁判所本庁,通常
R08/11/10,大阪地方裁判所本庁,通常
R08/11/10,山口地方裁判所周南支部,通常
R08/11/10,徳島地方裁判所本庁,通常
R08/11/10,新潟地方裁判所本庁,特別売却
R08/11/10,松江地方裁判所本庁,特別売却
R08/11/10,福島地方裁判所いわき支部,農地
R08/11/10,徳島地方裁判所本庁,農地
R08/11/10,新潟地方裁判所本庁,特別売却（農地）
R08/11/10,松江地方裁判所本庁,特別売却（農地）
R08/11/11,福島地方裁判所会津若松支部,通常
R08/11/11,宇都宮地方裁判所本庁,通常
R08/11/11,東京地方裁判所本庁,通常
R08/11/11,横浜地方裁判所川崎支部,通常
R08/11/11,横浜地方裁判所小田原支部,通常
R08/11/11,岐阜地方裁判所本庁,通常
R08/11/11,山口地方裁判所本庁,通常
R08/11/11,大分地方裁判所杵築支部,通常
R08/11/11,大分地方裁判所佐伯支部,通常
R08/11/11,旭川地方裁判所本庁,特別売却
R08/11/11,横浜地方裁判所本庁,特別売却
R08/11/11,静岡地方裁判所本庁,特別売却
R08/11/11,福島地方裁判所会津若松支部,農地
R08/11/11,横浜地方裁判所小田原支部,農地
R08/11/11,旭川地方裁判所本庁,特別売却（農地）
R08/11/11,静岡地方裁判所本庁,特別売却（農地）
R08/11/12,青森地方裁判所八戸支部,通常
R08/11/12,盛岡地方裁判所花巻支部,通常
R08/11/12,松山地方裁判所本庁,通常
R08/11/12,福岡地方裁判所直方支部,通常
R08/11/12,大分地方裁判所日田支部,通常
R08/11/12,宮崎地方裁判所本庁,通常
R08/11/12,鹿児島地方裁判所名瀬支部,通常
R08/11/12,さいたま地方裁判所本庁,特別売却
R08/11/12,さいたま地方裁判所熊谷支部,特別売却
R08/11/12,さいたま地方裁判所越谷支部,特別売却
R08/11/12,千葉地方裁判所本庁,特別売却
R08/11/12,東京地方裁判所本庁,特別売却
R08/11/12,横浜地方裁判所川崎支部,特別売却
R08/11/12,新潟地方裁判所三条支部,特別売却
R08/11/12,長野地方裁判所佐久支部,特別売却
R08/11/12,静岡地方裁判所沼津支部,特別売却
R08/11/12,静岡地方裁判所浜松支部,特別売却
R08/11/12,静岡地方裁判所富士支部,特別売却
R08/11/12,名古屋地方裁判所一宮支部,特別売却
R08/11/12,名古屋地方裁判所豊橋支部,特別売却
R08/11/12,高松地方裁判所本庁,特別売却
R08/11/12,松山地方裁判所本庁,農地
R08/11/12,宮崎地方裁判所本庁,農地
R08/11/12,鹿児島地方裁判所名瀬支部,農地
R08/11/12,さいたま地方裁判所熊谷支部,特別売却（農地）
R08/11/12,千葉地方裁判所本庁,特別売却（農地）
R08/11/12,新潟地方裁判所三条支部,特別売却（農地）
R08/11/12,長野地方裁判所佐久支部,特別売却（農地）
R08/11/12,静岡地方裁判所沼津支部,特別売却（農地）
R08/11/12,静岡地方裁判所浜松支部,特別売却（農地）
R08/11/12,静岡地方裁判所富士支部,特別売却（農地）
R08/11/12,名古屋地方裁判所一宮支部,特別売却（農地）
R08/11/12,名古屋地方裁判所豊橋支部,特別売却（農地）
R08/11/12,高松地方裁判所本庁,特別売却（農地）
R08/11/13,盛岡地方裁判所宮古支部,通常
R08/11/13,秋田地方裁判所能代支部,通常
R08/11/13,東京地方裁判所立川支部,通常
R08/11/13,大阪地方裁判所堺支部,通常
R08/11/13,奈良地方裁判所本庁,通常
R08/11/13,岡山地方裁判所本庁,通常
R08/11/13,岡山地方裁判所津山支部,通常
R08/11/13,高松地方裁判所本庁,通常
R08/11/13,高知地方裁判所本庁,通常
R08/11/13,千葉地方裁判所松戸支部,特別売却
R08/11/13,横浜地方裁判所横須賀支部,特別売却
R08/11/13,名古屋地方裁判所岡崎支部,特別売却
R08/11/13,大津地方裁判所長浜支部,特別売却
R08/11/13,東京地方裁判所立川支部,農地
R08/11/13,奈良地方裁判所本庁,農地
R08/11/13,高松地方裁判所本庁,農地
R08/11/13,高知地方裁判所本庁,農地
R08/11/13,横浜地方裁判所横須賀支部,特別売却（農地）
R08/11/13,名古屋地方裁判所岡崎支部,特別売却（農地）
R08/11/13,大津地方裁判所長浜支部,特別売却（農地）
R08/11/16,長崎地方裁判所本庁,通常
R08/11/16,水戸地方裁判所本庁,特別売却
R08/11/16,水戸地方裁判所土浦支部,特別売却
R08/11/16,大津地方裁判所彦根支部,特別売却
R08/11/16,広島地方裁判所本庁,特別売却
R08/11/16,広島地方裁判所福山支部,特別売却
R08/11/16,長崎地方裁判所本庁,農地
R08/11/16,水戸地方裁判所本庁,特別売却（農地）
R08/11/16,水戸地方裁判所土浦支部,特別売却（農地）
R08/11/16,大津地方裁判所彦根支部,特別売却（農地）
R08/11/16,広島地方裁判所本庁,特別売却（農地）
R08/11/16,広島地方裁判所福山支部,特別売却（農地）
R08/11/17,さいたま地方裁判所熊谷支部,通常
R08/11/17,さいたま地方裁判所越谷支部,通常
R08/11/17,千葉地方裁判所本庁,通常
R08/11/17,名古屋地方裁判所本庁,通常
R08/11/17,名古屋地方裁判所一宮支部,通常
R08/11/17,名古屋地方裁判所豊橋支部,通常
R08/11/17,大津地方裁判所本庁,通常
R08/11/17,神戸地方裁判所尼崎支部,通常
R08/11/17,神戸地方裁判所姫路支部,通常
R08/11/17,鳥取地方裁判所本庁,通常
R08/11/17,山口地方裁判所岩国支部,通常
R08/11/17,福岡地方裁判所本庁,通常
R08/11/17,佐賀地方裁判所本庁,通常
R08/11/17,新潟地方裁判所佐渡支部,農地
R08/11/17,名古屋地方裁判所一宮支部,農地
R08/11/17,名古屋地方裁判所豊橋支部,農地
R08/11/17,鳥取地方裁判所本庁,農地
R08/11/17,佐賀地方裁判所本庁,農地
R08/11/18,釧路地方裁判所帯広支部,通常
R08/11/18,さいたま地方裁判所川越支部,通常
R08/11/18,横浜地方裁判所相模原支部,通常
R08/11/18,甲府地方裁判所本庁,通常
R08/11/18,岐阜地方裁判所多治見支部,通常
R08/11/18,名古屋地方裁判所岡崎支部,通常
R08/11/18,津地方裁判所四日市支部,通常
R08/11/18,京都地方裁判所本庁,通常
R08/11/18,鹿児島地方裁判所鹿屋支部,通常
R08/11/18,青森地方裁判所弘前支部,特別売却
R08/11/18,秋田地方裁判所本庁,特別売却
R08/11/18,宇都宮地方裁判所本庁,特別売却
R08/11/18,東京地方裁判所立川支部,特別売却
R08/11/18,岐阜地方裁判所本庁,特別売却
R08/11/18,京都地方裁判所宮津支部,特別売却
R08/11/18,横浜地方裁判所相模原支部,農地
R08/11/18,名古屋地方裁判所岡崎支部,農地
R08/11/18,津地方裁判所四日市支部,農地
R08/11/18,京都地方裁判所本庁,農地
R08/11/18,福岡地方裁判所柳川支部,農地
R08/11/18,鹿児島地方裁判所鹿屋支部,農地
R08/11/18,青森地方裁判所弘前支部,特別売却（農地）
R08/11/18,宇都宮地方裁判所本庁,特別売却（農地）
R08/11/18,東京地方裁判所立川支部,特別売却（農地）
R08/11/18,岐阜地方裁判所本庁,特別売却（農地）
R08/11/19,函館地方裁判所本庁,通常
R08/11/19,釧路地方裁判所本庁,通常
R08/11/19,青森地方裁判所本庁,通常
R08/11/19,富山地方裁判所本庁,通常
R08/11/19,富山地方裁判所高岡支部,通常
R08/11/19,長野地方裁判所本庁,通常
R08/11/19,長野地方裁判所松本支部,通常
R08/11/19,大阪地方裁判所本庁,通常
R08/11/19,松江地方裁判所浜田支部,通常
R08/11/19,釧路地方裁判所本庁,特別売却
R08/11/19,青森地方裁判所八戸支部,特別売却
R08/11/19,水戸地方裁判所龍ケ崎支部,特別売却
R08/11/19,前橋地方裁判所高崎支部,特別売却
R08/11/19,前橋地方裁判所沼田支部,特別売却
R08/11/19,横浜地方裁判所小田原支部,特別売却
R08/11/19,横浜地方裁判所相模原支部,特別売却
R08/11/19,津地方裁判所四日市支部,特別売却
R08/11/19,京都地方裁判所舞鶴支部,特別売却
R08/11/19,徳島地方裁判所本庁,特別売却
R08/11/19,高知地方裁判所本庁,特別売却
R08/11/19,青森地方裁判所本庁,農地
R08/11/19,長野地方裁判所本庁,農地
R08/11/19,長野地方裁判所松本支部,農地
R08/11/19,長野地方裁判所伊那支部,農地
R08/11/19,松江地方裁判所浜田支部,農地
R08/11/19,熊本地方裁判所八代支部,農地
R08/11/19,釧路地方裁判所本庁,特別売却（農地）
R08/11/19,水戸地方裁判所龍ケ崎支部,特別売却（農地）
R08/11/19,前橋地方裁判所高崎支部,特別売却（農地）
R08/11/19,横浜地方裁判所小田原支部,特別売却（農地）
R08/11/19,徳島地方裁判所本庁,特別売却（農地）
R08/11/19,高知地方裁判所本庁,特別売却（農地）
R08/11/20,札幌地方裁判所本庁,通常
R08/11/20,秋田地方裁判所本庁,通常
R08/11/20,津地方裁判所本庁,通常
R08/11/20,津地方裁判所伊賀支部,通常
R08/11/20,津地方裁判所伊勢支部,通常
R08/11/20,長崎地方裁判所佐世保支部,通常
R08/11/20,札幌地方裁判所本庁,特別売却
R08/11/20,青森地方裁判所本庁,特別売却
R08/11/20,さいたま地方裁判所川越支部,特別売却
R08/11/20,新潟地方裁判所長岡支部,特別売却
R08/11/20,新潟地方裁判所高田支部,特別売却
R08/11/20,甲府地方裁判所本庁,特別売却
R08/11/20,長野地方裁判所本庁,特別売却
R08/11/20,長野地方裁判所松本支部,特別売却
R08/11/20,長野地方裁判所伊那支部,特別売却
R08/11/20,津地方裁判所本庁,特別売却
R08/11/20,京都地方裁判所福知山支部,特別売却
R08/11/20,松江地方裁判所浜田支部,特別売却
R08/11/20,松山地方裁判所本庁,特別売却
R08/11/20,津地方裁判所本庁,農地
R08/11/20,津地方裁判所伊賀支部,農地
R08/11/20,津地方裁判所伊勢支部,農地
R08/11/20,札幌地方裁判所本庁,特別売却（農地）
R08/11/20,青森地方裁判所本庁,特別売却（農地）
R08/11/20,さいたま地方裁判所川越支部,特別売却（農地）
R08/11/20,新潟地方裁判所長岡支部,特別売却（農地）
R08/11/20,新潟地方裁判所高田支部,特別売却（農地）
R08/11/20,甲府地方裁判所本庁,特別売却（農地）
R08/11/20,長野地方裁判所本庁,特別売却（農地）
R08/11/20,長野地方裁判所松本支部,特別売却（農地）
R08/11/20,長野地方裁判所伊那支部,特別売却（農地）
R08/11/20,松江地方裁判所浜田支部,特別売却（農地）
R08/11/20,松山地方裁判所本庁,特別売却（農地）
R08/11/24,神戸地方裁判所本庁,通常
R08/11/24,福岡地方裁判所小倉支部,通常
R08/11/24,熊本地方裁判所本庁,通常
R08/11/24,鹿児島地方裁判所本庁,通常
R08/11/24,函館地方裁判所本庁,特別売却
R08/11/24,津地方裁判所伊勢支部,特別売却
R08/11/24,福岡地方裁判所小倉支部,農地
R08/11/24,鹿児島地方裁判所本庁,農地
R08/11/25,仙台地方裁判所本庁,通常
R08/11/25,東京地方裁判所本庁,通常
R08/11/25,長野地方裁判所諏訪支部,通常
R08/11/25,長野地方裁判所佐久支部,通常
R08/11/25,山口地方裁判所下関支部,通常
R08/11/25,大分地方裁判所中津支部,通常
R08/11/25,前橋地方裁判所本庁,特別売却
R08/11/25,横浜地方裁判所本庁,特別売却
R08/11/25,富山地方裁判所本庁,特別売却
R08/11/25,大津地方裁判所本庁,特別売却
R08/11/25,長野地方裁判所諏訪支部,農地
R08/11/25,長野地方裁判所佐久支部,農地
R08/11/25,前橋地方裁判所本庁,特別売却（農地）
R08/11/25,大津地方裁判所本庁,特別売却（農地）
R08/11/26,前橋地方裁判所太田支部,特別売却
R08/11/26,東京地方裁判所本庁,特別売却
R08/11/26,富山地方裁判所高岡支部,特別売却
R08/11/26,名古屋地方裁判所本庁,特別売却
R08/11/26,津地方裁判所伊賀支部,特別売却
R08/11/26,前橋地方裁判所太田支部,特別売却（農地）
R08/11/27,前橋地方裁判所桐生支部,特別売却
R08/11/27,岐阜地方裁判所多治見支部,特別売却
R08/11/27,前橋地方裁判所桐生支部,特別売却（農地）
R08/11/27,岐阜地方裁判所多治見支部,特別売却（農地）
R08/12/02,青森地方裁判所弘前支部,通常
R08/12/02,水戸地方裁判所本庁,通常
R08/12/02,青森地方裁判所弘前支部,農地
R08/12/02,水戸地方裁判所本庁,農地
R08/12/03,山形地方裁判所鶴岡支部,通常
R08/12/03,横浜地方裁判所本庁,通常
R08/12/03,大分地方裁判所本庁,通常
R08/12/03,水戸地方裁判所下妻支部,特別売却
R08/12/03,千葉地方裁判所本庁,特別売却
R08/12/03,新潟地方裁判所三条支部,特別売却
R08/12/03,金沢地方裁判所本庁,特別売却
R08/12/03,福井地方裁判所本庁,特別売却
R08/12/03,長野地方裁判所飯田支部,特別売却
R08/12/03,水戸地方裁判所下妻支部,特別売却（農地）
R08/12/03,新潟地方裁判所三条支部,特別売却（農地）
R08/12/03,金沢地方裁判所本庁,特別売却（農地）
R08/12/03,福井地方裁判所本庁,特別売却（農地）
R08/12/03,長野地方裁判所飯田支部,特別売却（農地）
R08/12/04,宇都宮地方裁判所大田原支部,特別売却
R08/12/04,長野地方裁判所上田支部,特別売却
R08/12/04,宇都宮地方裁判所大田原支部,特別売却（農地）
R08/12/04,長野地方裁判所上田支部,特別売却（農地）
R08/12/07,静岡地方裁判所本庁,通常
R08/12/07,静岡地方裁判所沼津支部,通常
R08/12/07,静岡地方裁判所浜松支部,通常
R08/12/07,静岡地方裁判所富士支部,通常
R08/12/07,大津地方裁判所彦根支部,通常
R08/12/07,新潟地方裁判所佐渡支部,特別売却
R08/12/07,広島地方裁判所本庁,特別売却
R08/12/07,広島地方裁判所福山支部,特別売却
R08/12/07,静岡地方裁判所本庁,農地
R08/12/07,静岡地方裁判所沼津支部,農地
R08/12/07,静岡地方裁判所浜松支部,農地
R08/12/07,静岡地方裁判所富士支部,農地
R08/12/07,新潟地方裁判所佐渡支部,特別売却（農地）
R08/12/07,広島地方裁判所本庁,特別売却（農地）
R08/12/07,広島地方裁判所福山支部,特別売却（農地）
R08/12/08,新潟地方裁判所本庁,通常
R08/12/08,那覇地方裁判所本庁,通常
R08/12/08,新潟地方裁判所本庁,特別売却
R08/12/08,松江地方裁判所本庁,特別売却
R08/12/08,新潟地方裁判所本庁,農地
R08/12/08,那覇地方裁判所本庁,農地
R08/12/08,新潟地方裁判所本庁,特別売却（農地）
R08/12/08,松江地方裁判所本庁,特別売却（農地）
R08/12/09,前橋地方裁判所高崎支部,通常
R08/12/09,大分地方裁判所杵築支部,通常
R08/12/09,旭川地方裁判所本庁,特別売却
R08/12/09,釧路地方裁判所北見支部,特別売却
R08/12/09,横浜地方裁判所本庁,特別売却
R08/12/09,静岡地方裁判所本庁,特別売却
R08/12/09,前橋地方裁判所高崎支部,農地
R08/12/09,大分地方裁判所杵築支部,農地
R08/12/09,旭川地方裁判所本庁,特別売却（農地）
R08/12/09,釧路地方裁判所北見支部,特別売却（農地）
R08/12/09,横浜地方裁判所本庁,特別売却（農地）
R08/12/09,静岡地方裁判所本庁,特別売却（農地）
R08/12/10,青森地方裁判所八戸支部,通常
R08/12/10,秋田地方裁判所横手支部,通常
R08/12/10,宮崎地方裁判所本庁,通常
R08/12/10,鹿児島地方裁判所名瀬支部,通常
R08/12/10,宇都宮地方裁判所足利支部,特別売却
R08/12/10,さいたま地方裁判所本庁,特別売却
R08/12/10,東京地方裁判所本庁,特別売却
R08/12/10,横浜地方裁判所川崎支部,特別売却
R08/12/10,静岡地方裁判所沼津支部,特別売却
R08/12/10,静岡地方裁判所浜松支部,特別売却
R08/12/10,静岡地方裁判所富士支部,特別売却
R08/12/10,大分地方裁判所竹田支部,農地
R08/12/10,宮崎地方裁判所本庁,農地
R08/12/10,鹿児島地方裁判所名瀬支部,農地
R08/12/10,宇都宮地方裁判所足利支部,特別売却（農地）
R08/12/10,さいたま地方裁判所本庁,特別売却（農地）
R08/12/10,静岡地方裁判所沼津支部,特別売却（農地）
R08/12/10,静岡地方裁判所浜松支部,特別売却（農地）
R08/12/10,静岡地方裁判所富士支部,特別売却（農地）
R08/12/11,盛岡地方裁判所一関支部,通常
R08/12/11,高知地方裁判所本庁,通常
R08/12/11,千葉地方裁判所松戸支部,特別売却
R08/12/11,高知地方裁判所本庁,農地
R08/12/14,水戸地方裁判所土浦支部,通常
R08/12/14,新潟地方裁判所長岡支部,通常
R08/12/14,新潟地方裁判所高田支部,通常
R08/12/14,長崎地方裁判所本庁,通常
R08/12/14,水戸地方裁判所本庁,特別売却
R08/12/14,水戸地方裁判所土浦支部,特別売却
R08/12/14,水戸地方裁判所土浦支部,農地
R08/12/14,新潟地方裁判所長岡支部,農地
R08/12/14,新潟地方裁判所高田支部,農地
R08/12/14,長崎地方裁判所本庁,農地
R08/12/14,水戸地方裁判所本庁,特別売却（農地）
R08/12/14,水戸地方裁判所土浦支部,特別売却（農地）
R08/12/15,福島地方裁判所いわき支部,通常
R08/12/15,神戸地方裁判所姫路支部,通常
R08/12/15,徳島地方裁判所本庁,通常
R08/12/15,福島地方裁判所いわき支部,農地
R08/12/15,徳島地方裁判所本庁,農地
R08/12/16,盛岡地方裁判所遠野支部,通常
R08/12/16,秋田地方裁判所大曲支部,通常
R08/12/16,福島地方裁判所会津若松支部,通常
R08/12/16,横浜地方裁判所小田原支部,通常
R08/12/16,横浜地方裁判所相模原支部,通常
R08/12/16,福岡地方裁判所飯塚支部,通常
R08/12/16,大分地方裁判所佐伯支部,通常
R08/12/16,鹿児島地方裁判所鹿屋支部,通常
R08/12/16,青森地方裁判所弘前支部,特別売却
R08/12/16,秋田地方裁判所本庁,特別売却
R08/12/16,宇都宮地方裁判所本庁,特別売却
R08/12/16,東京地方裁判所立川支部,特別売却
R08/12/16,岐阜地方裁判所本庁,特別売却
R08/12/16,大津地方裁判所本庁,特別売却
R08/12/16,福島地方裁判所会津若松支部,農地
R08/12/16,横浜地方裁判所小田原支部,農地
R08/12/16,福岡地方裁判所飯塚支部,農地
R08/12/16,大分地方裁判所佐伯支部,農地
R08/12/16,鹿児島地方裁判所鹿屋支部,農地
R08/12/16,青森地方裁判所弘前支部,特別売却（農地）
R08/12/16,宇都宮地方裁判所本庁,特別売却（農地）
R08/12/16,岐阜地方裁判所本庁,特別売却（農地）
R08/12/17,函館地方裁判所本庁,通常
R08/12/17,青森地方裁判所本庁,通常
R08/12/17,横浜地方裁判所本庁,通常
R08/12/17,横浜地方裁判所横須賀支部,通常
R08/12/17,長野地方裁判所上田支部,通常
R08/12/17,奈良地方裁判所葛城支部,通常
R08/12/17,和歌山地方裁判所御坊支部,通常
R08/12/17,福岡地方裁判所直方支部,通常
R08/12/17,釧路地方裁判所本庁,特別売却
R08/12/17,釧路地方裁判所帯広支部,特別売却
R08/12/17,青森地方裁判所八戸支部,特別売却
R08/12/17,水戸地方裁判所龍ケ崎支部,特別売却
R08/12/17,さいたま地方裁判所熊谷支部,特別売却
R08/12/17,さいたま地方裁判所越谷支部,特別売却
R08/12/17,千葉地方裁判所本庁,特別売却
R08/12/17,横浜地方裁判所小田原支部,特別売却
R08/12/17,横浜地方裁判所相模原支部,特別売却
R08/12/17,名古屋地方裁判所本庁,特別売却
R08/12/17,名古屋地方裁判所一宮支部,特別売却
R08/12/17,名古屋地方裁判所豊橋支部,特別売却
R08/12/17,津地方裁判所四日市支部,特別売却
R08/12/17,徳島地方裁判所本庁,特別売却
R08/12/17,高松地方裁判所本庁,特別売却
R08/12/17,高知地方裁判所本庁,特別売却
R08/12/17,函館地方裁判所本庁,農地
R08/12/17,青森地方裁判所本庁,農地
R08/12/17,横浜地方裁判所横須賀支部,農地
R08/12/17,長野地方裁判所上田支部,農地
R08/12/17,奈良地方裁判所葛城支部,農地
R08/12/17,和歌山地方裁判所御坊支部,農地
R08/12/17,釧路地方裁判所本庁,特別売却（農地）
R08/12/17,釧路地方裁判所帯広支部,特別売却（農地）
R08/12/17,水戸地方裁判所龍ケ崎支部,特別売却（農地）
R08/12/17,さいたま地方裁判所越谷支部,特別売却（農地）
R08/12/17,千葉地方裁判所本庁,特別売却（農地）
R08/12/17,横浜地方裁判所小田原支部,特別売却（農地）
R08/12/17,横浜地方裁判所相模原支部,特別売却（農地）
R08/12/17,名古屋地方裁判所本庁,特別売却（農地）
R08/12/17,名古屋地方裁判所一宮支部,特別売却（農地）
R08/12/17,名古屋地方裁判所豊橋支部,特別売却（農地）
R08/12/17,徳島地方裁判所本庁,特別売却（農地）
R08/12/17,高松地方裁判所本庁,特別売却（農地）
R08/12/17,高知地方裁判所本庁,特別売却（農地）
R08/12/18,札幌地方裁判所本庁,通常
R08/12/18,旭川地方裁判所本庁,通常
R08/12/18,福島地方裁判所相馬支部,通常
R08/12/18,金沢地方裁判所本庁,通常
R08/12/18,奈良地方裁判所本庁,通常
R08/12/18,和歌山地方裁判所本庁,通常
R08/12/18,和歌山地方裁判所田辺支部,通常
R08/12/18,札幌地方裁判所本庁,特別売却
R08/12/18,青森地方裁判所本庁,特別売却
R08/12/18,さいたま地方裁判所川越支部,特別売却
R08/12/18,新潟地方裁判所高田支部,特別売却
R08/12/18,甲府地方裁判所本庁,特別売却
R08/12/18,長野地方裁判所本庁,特別売却
R08/12/18,長野地方裁判所松本支部,特別売却
R08/12/18,名古屋地方裁判所岡崎支部,特別売却
R08/12/18,津地方裁判所本庁,特別売却
R08/12/18,松江地方裁判所浜田支部,特別売却
R08/12/18,松山地方裁判所本庁,特別売却
R08/12/18,旭川地方裁判所本庁,農地
R08/12/18,福島地方裁判所相馬支部,農地
R08/12/18,金沢地方裁判所本庁,農地
R08/12/18,和歌山地方裁判所本庁,農地
R08/12/18,和歌山地方裁判所田辺支部,農地
R08/12/18,青森地方裁判所本庁,特別売却（農地）
R08/12/18,新潟地方裁判所高田支部,特別売却（農地）
R08/12/18,甲府地方裁判所本庁,特別売却（農地）
R08/12/18,長野地方裁判所本庁,特別売却（農地）
R08/12/18,名古屋地方裁判所岡崎支部,特別売却（農地）
R08/12/18,松江地方裁判所浜田支部,特別売却（農地）
R08/12/18,松山地方裁判所本庁,特別売却（農地）
R08/12/21,神戸地方裁判所本庁,通常
R08/12/21,福岡地方裁判所行橋支部,通常
R08/12/21,長崎地方裁判所佐世保支部,通常
R08/12/21,函館地方裁判所本庁,特別売却
R08/12/21,津地方裁判所伊勢支部,特別売却
R08/12/21,函館地方裁判所本庁,特別売却（農地）
R08/12/22,秋田地方裁判所大館支部,通常
R08/12/22,山形地方裁判所本庁,通常
R08/12/22,東京地方裁判所立川支部,通常
R08/12/22,名古屋地方裁判所一宮支部,通常
R08/12/22,名古屋地方裁判所豊橋支部,通常
R08/12/22,大津地方裁判所本庁,通常
R08/12/22,神戸地方裁判所尼崎支部,通常
R08/12/22,福岡地方裁判所久留米支部,通常
R08/12/22,福岡地方裁判所小倉支部,通常
R08/12/22,佐賀地方裁判所本庁,通常
R08/12/22,熊本地方裁判所本庁,通常
R08/12/22,鹿児島地方裁判所本庁,通常
R08/12/22,山形地方裁判所本庁,農地
R08/12/22,名古屋地方裁判所一宮支部,農地
R08/12/22,名古屋地方裁判所豊橋支部,農地
R08/12/22,大津地方裁判所本庁,農地
R08/12/22,福岡地方裁判所久留米支部,農地
R08/12/22,佐賀地方裁判所本庁,農地
R08/12/22,熊本地方裁判所本庁,農地
R08/12/22,鹿児島地方裁判所本庁,農地
R08/12/23,盛岡地方裁判所本庁,通常
R08/12/23,名古屋地方裁判所岡崎支部,通常
R08/12/23,京都地方裁判所本庁,通常
R08/12/23,大阪地方裁判所岸和田支部,通常
R08/12/23,山口地方裁判所下関支部,通常
R08/12/23,福岡地方裁判所柳川支部,通常
R08/12/23,福岡地方裁判所八女支部,通常
R08/12/23,大分地方裁判所中津支部,通常
R08/12/23,横浜地方裁判所本庁,特別売却
R08/12/23,富山地方裁判所本庁,特別売却
R08/12/23,長野地方裁判所飯田支部,農地
R08/12/23,名古屋地方裁判所岡崎支部,農地
R08/12/23,山口地方裁判所下関支部,農地
R08/12/23,福岡地方裁判所八女支部,農地
R08/12/23,大分地方裁判所中津支部,農地
R08/12/23,富山地方裁判所本庁,特別売却（農地）
R08/12/24,青森地方裁判所弘前支部,通常
R08/12/24,横浜地方裁判所本庁,通常
R08/12/24,福井地方裁判所本庁,通常
R08/12/24,長野地方裁判所本庁,通常
R08/12/24,長野地方裁判所松本支部,通常
R08/12/24,長野地方裁判所伊那支部,通常
R08/12/24,大津地方裁判所長浜支部,通常
R08/12/24,熊本地方裁判所八代支部,通常
R08/12/24,大分地方裁判所日田支部,通常
R08/12/24,東京地方裁判所本庁,特別売却
R08/12/24,富山地方裁判所高岡支部,特別売却
R08/12/24,長野地方裁判所諏訪支部,特別売却
R08/12/24,長野地方裁判所佐久支部,特別売却
R08/12/24,津地方裁判所伊賀支部,特別売却
R08/12/24,青森地方裁判所弘前支部,農地
R08/12/24,横浜地方裁判所本庁,農地
R08/12/24,大津地方裁判所長浜支部,農地
R08/12/24,福岡地方裁判所直方支部,農地
R08/12/24,大分地方裁判所日田支部,農地
R08/12/24,富山地方裁判所高岡支部,特別売却（農地）
R08/12/24,長野地方裁判所諏訪支部,特別売却（農地）
R08/12/24,長野地方裁判所佐久支部,特別売却（農地）
R08/12/25,秋田地方裁判所本庁,通常
R08/12/25,東京地方裁判所本庁,通常
R08/12/25,静岡地方裁判所本庁,通常
R08/12/25,静岡地方裁判所沼津支部,通常
R08/12/25,静岡地方裁判所浜松支部,通常
R08/12/25,静岡地方裁判所富士支部,通常
R08/12/25,岐阜地方裁判所多治見支部,特別売却
R08/12/25,静岡地方裁判所本庁,農地
R08/12/25,静岡地方裁判所沼津支部,農地
R08/12/25,静岡地方裁判所浜松支部,農地
R08/12/25,静岡地方裁判所富士支部,農地
R08/12/25,岐阜地方裁判所多治見支部,特別売却（農地）
R09/01/05,京都地方裁判所宮津支部,通常
R09/01/06,水戸地方裁判所本庁,通常
R09/01/06,大分地方裁判所佐伯支部,通常
R09/01/06,水戸地方裁判所本庁,農地
R09/01/07,京都地方裁判所舞鶴支部,通常
R09/01/08,旭川地方裁判所本庁,通常
R09/01/08,京都地方裁判所福知山支部,通常
R09/01/08,旭川地方裁判所本庁,農地
R09/01/12,福島地方裁判所いわき支部,通常
R09/01/12,水戸地方裁判所土浦支部,通常
R09/01/12,東京地方裁判所立川支部,通常
R09/01/12,新潟地方裁判所高田支部,通常
R09/01/12,徳島地方裁判所本庁,通常
R09/01/12,福島地方裁判所いわき支部,農地
R09/01/12,水戸地方裁判所土浦支部,農地
R09/01/12,徳島地方裁判所本庁,農地
R09/01/13,東京地方裁判所本庁,通常
R09/01/13,横浜地方裁判所小田原支部,通常
R09/01/13,和歌山地方裁判所新宮支部,通常
R09/01/13,大分地方裁判所杵築支部,通常
R09/01/13,横浜地方裁判所小田原支部,農地
R09/01/14,横浜地方裁判所本庁,通常
R09/01/14,横浜地方裁判所横須賀支部,通常
R09/01/14,福岡地方裁判所大牟田支部,通常
R09/01/14,大分地方裁判所本庁,通常
R09/01/14,鹿児島地方裁判所名瀬支部,通常
R09/01/14,横浜地方裁判所横須賀支部,農地
R09/01/14,熊本地方裁判所八代支部,農地
R09/01/14,大分地方裁判所本庁,農地
R09/01/14,鹿児島地方裁判所名瀬支部,農地
R09/01/15,秋田地方裁判所能代支部,通常
R09/01/15,大阪地方裁判所堺支部,通常
R09/01/18,函館地方裁判所本庁,特別売却
R09/01/19,新潟地方裁判所佐渡支部,通常
R09/01/19,大津地方裁判所本庁,通常
R09/01/19,那覇地方裁判所本庁,通常
R09/01/19,新潟地方裁判所本庁,特別売却
R09/01/19,那覇地方裁判所本庁,農地
R09/01/19,新潟地方裁判所本庁,特別売却（農地）
R09/01/19,松江地方裁判所本庁,特別売却（農地）
R09/01/20,福島地方裁判所会津若松支部,通常
R09/01/20,前橋地方裁判所高崎支部,通常
R09/01/20,横浜地方裁判所相模原支部,通常
R09/01/20,長野地方裁判所飯田支部,通常
R09/01/20,長野地方裁判所佐久支部,通常
R09/01/20,京都地方裁判所本庁,通常
R09/01/20,大分地方裁判所竹田支部,通常
R09/01/20,鹿児島地方裁判所鹿屋支部,通常
R09/01/20,旭川地方裁判所本庁,特別売却
R09/01/20,青森地方裁判所弘前支部,特別売却
R09/01/20,秋田地方裁判所本庁,特別売却
R09/01/20,東京地方裁判所立川支部,特別売却
R09/01/20,横浜地方裁判所本庁,特別売却
R09/01/20,静岡地方裁判所本庁,特別売却
R09/01/20,前橋地方裁判所高崎支部,農地
R09/01/20,長野地方裁判所佐久支部,農地
R09/01/20,鹿児島地方裁判所鹿屋支部,農地
R09/01/20,旭川地方裁判所本庁,特別売却（農地）
R09/01/20,青森地方裁判所弘前支部,特別売却（農地）
R09/01/20,東京地方裁判所立川支部,特別売却（農地）
R09/01/20,横浜地方裁判所本庁,特別売却（農地）
R09/01/20,静岡地方裁判所本庁,特別売却（農地）
R09/01/21,青森地方裁判所八戸支部,特別売却
R09/01/21,前橋地方裁判所高崎支部,特別売却
R09/01/21,横浜地方裁判所小田原支部,特別売却
R09/01/21,横浜地方裁判所相模原支部,特別売却
R09/01/21,金沢地方裁判所本庁,特別売却
R09/01/21,福井地方裁判所本庁,特別売却
R09/01/21,静岡地方裁判所沼津支部,特別売却
R09/01/21,静岡地方裁判所浜松支部,特別売却
R09/01/21,静岡地方裁判所富士支部,特別売却
R09/01/21,名古屋地方裁判所一宮支部,特別売却
R09/01/21,名古屋地方裁判所豊橋支部,特別売却
R09/01/21,徳島地方裁判所本庁,特別売却
R09/01/21,高知地方裁判所本庁,特別売却
R09/01/21,長野地方裁判所本庁,農地
R09/01/21,長野地方裁判所松本支部,農地
R09/01/21,長野地方裁判所伊那支部,農地
R09/01/21,前橋地方裁判所沼田支部,特別売却（農地）
R09/01/21,さいたま地方裁判所熊谷支部,特別売却（農地）
R09/01/21,横浜地方裁判所小田原支部,特別売却（農地）
R09/01/21,金沢地方裁判所本庁,特別売却（農地）
R09/01/21,福井地方裁判所本庁,特別売却（農地）
R09/01/21,静岡地方裁判所沼津支部,特別売却（農地）
R09/01/21,静岡地方裁判所浜松支部,特別売却（農地）
R09/01/21,静岡地方裁判所富士支部,特別売却（農地）
R09/01/21,名古屋地方裁判所一宮支部,特別売却（農地）
R09/01/21,名古屋地方裁判所豊橋支部,特別売却（農地）
R09/01/21,徳島地方裁判所本庁,特別売却（農地）
R09/01/21,高松地方裁判所本庁,特別売却（農地）
R09/01/21,高知地方裁判所本庁,特別売却（農地）
R09/01/22,福島地方裁判所相馬支部,通常
R09/01/22,札幌地方裁判所本庁,特別売却
R09/01/22,青森地方裁判所本庁,特別売却
R09/01/22,横浜地方裁判所横須賀支部,特別売却
R09/01/22,新潟地方裁判所長岡支部,特別売却
R09/01/22,新潟地方裁判所高田支部,特別売却
R09/01/22,長野地方裁判所本庁,特別売却
R09/01/22,長野地方裁判所上田支部,特別売却
R09/01/22,長野地方裁判所松本支部,特別売却
R09/01/22,長野地方裁判所伊那支部,特別売却
R09/01/22,名古屋地方裁判所岡崎支部,特別売却
R09/01/22,盛岡地方裁判所一関支部,農地
R09/01/22,札幌地方裁判所本庁,特別売却（農地）
R09/01/22,青森地方裁判所本庁,特別売却（農地）
R09/01/22,横浜地方裁判所横須賀支部,特別売却（農地）
R09/01/22,新潟地方裁判所長岡支部,特別売却（農地）
R09/01/22,新潟地方裁判所高田支部,特別売却（農地）
R09/01/22,長野地方裁判所本庁,特別売却（農地）
R09/01/22,長野地方裁判所上田支部,特別売却（農地）
R09/01/22,長野地方裁判所松本支部,特別売却（農地）
R09/01/22,長野地方裁判所伊那支部,特別売却（農地）
R09/01/22,名古屋地方裁判所岡崎支部,特別売却（農地）
R09/01/22,松江地方裁判所浜田支部,特別売却（農地）
R09/01/22,松山地方裁判所本庁,特別売却（農地）
R09/01/25,新潟地方裁判所本庁,通常
R09/01/25,水戸地方裁判所本庁,特別売却
R09/01/25,水戸地方裁判所土浦支部,特別売却
R09/01/25,水戸地方裁判所本庁,特別売却（農地）
R09/01/25,水戸地方裁判所土浦支部,特別売却（農地）
R09/01/26,青森地方裁判所弘前支部,通常
R09/01/26,山形地方裁判所本庁,通常
R09/01/26,東京地方裁判所本庁,通常
R09/01/26,名古屋地方裁判所一宮支部,通常
R09/01/26,名古屋地方裁判所岡崎支部,通常
R09/01/26,名古屋地方裁判所豊橋支部,通常
R09/01/26,神戸地方裁判所姫路支部,通常
R09/01/26,福岡地方裁判所小倉支部,通常
R09/01/26,熊本地方裁判所本庁,通常
R09/01/26,青森地方裁判所弘前支部,農地
R09/01/26,山形地方裁判所本庁,農地
R09/01/27,大分地方裁判所中津支部,通常
R09/01/27,大津地方裁判所本庁,特別売却
R09/01/27,山口地方裁判所下関支部,農地
R09/01/27,大津地方裁判所本庁,特別売却（農地）
R09/01/28,横浜地方裁判所本庁,通常
R09/01/28,熊本地方裁判所八代支部,通常
R09/01/28,東京地方裁判所本庁,特別売却
R09/01/29,長崎地方裁判所佐世保支部,通常
R09/01/29,大津地方裁判所長浜支部,特別売却
R09/01/29,長崎地方裁判所佐世保支部,農地
R09/01/29,大津地方裁判所長浜支部,特別売却（農地）
R09/02/01,東京地方裁判所立川支部,通常
R09/02/01,新潟地方裁判所長岡支部,通常
R09/02/01,大津地方裁判所彦根支部,特別売却
R09/02/01,大津地方裁判所彦根支部,特別売却（農地）
R09/02/02,神戸地方裁判所尼崎支部,通常
R09/02/03,水戸地方裁判所本庁,通常
R09/02/03,長野地方裁判所諏訪支部,通常
R09/02/03,福岡地方裁判所飯塚支部,通常
R09/02/03,横浜地方裁判所本庁,特別売却
R09/02/03,水戸地方裁判所本庁,農地
R09/02/03,長野地方裁判所諏訪支部,農地
R09/02/04,福井地方裁判所本庁,通常
R09/02/05,旭川地方裁判所本庁,通常
R09/02/05,和歌山地方裁判所田辺支部,通常
R09/02/05,旭川地方裁判所本庁,農地
R09/02/08,水戸地方裁判所土浦支部,通常
R09/02/08,水戸地方裁判所土浦支部,農地
R09/02/09,福島地方裁判所いわき支部,通常
R09/02/09,徳島地方裁判所本庁,通常
R09/02/09,佐賀地方裁判所本庁,通常
R09/02/09,福島地方裁判所いわき支部,農地
R09/02/09,徳島地方裁判所本庁,農地
R09/02/09,佐賀地方裁判所本庁,農地
R09/02/10,秋田地方裁判所大曲支部,通常
R09/02/10,東京地方裁判所本庁,通常
R09/02/10,横浜地方裁判所横須賀支部,通常
R09/02/10,横浜地方裁判所小田原支部,通常
R09/02/10,長野地方裁判所上田支部,通常
R09/02/10,大分地方裁判所日田支部,通常
R09/02/10,旭川地方裁判所本庁,特別売却
R09/02/10,東京地方裁判所立川支部,特別売却
R09/02/10,静岡地方裁判所本庁,特別売却
R09/02/10,京都地方裁判所宮津支部,特別売却
R09/02/10,横浜地方裁判所小田原支部,農地
R09/02/10,長野地方裁判所上田支部,農地
R09/02/10,旭川地方裁判所本庁,特別売却（農地）
R09/02/10,静岡地方裁判所本庁,特別売却（農地）
R09/02/12,和歌山地方裁判所本庁,通常
R09/02/12,福岡地方裁判所直方支部,通常
R09/02/12,大分地方裁判所本庁,通常
R09/02/12,東京地方裁判所本庁,特別売却
R09/02/12,静岡地方裁判所沼津支部,特別売却
R09/02/12,静岡地方裁判所浜松支部,特別売却
R09/02/12,静岡地方裁判所富士支部,特別売却
R09/02/12,京都地方裁判所舞鶴支部,特別売却
R09/02/12,静岡地方裁判所沼津支部,特別売却（農地）
R09/02/12,静岡地方裁判所浜松支部,特別売却（農地）
R09/02/12,静岡地方裁判所富士支部,特別売却（農地）
R09/02/15,秋田地方裁判所大館支部,通常
R09/02/15,長崎地方裁判所本庁,通常
R09/02/15,京都地方裁判所福知山支部,特別売却
R09/02/15,長崎地方裁判所本庁,農地
R09/02/16,山形地方裁判所本庁,通常
R09/02/16,福岡地方裁判所久留米支部,通常
R09/02/16,熊本地方裁判所本庁,通常
R09/02/17,福島地方裁判所会津若松支部,通常
R09/02/17,横浜地方裁判所相模原支部,通常
R09/02/17,青森地方裁判所弘前支部,特別売却
R09/02/17,横浜地方裁判所本庁,特別売却
R09/02/17,大津地方裁判所本庁,特別売却
R09/02/17,長野地方裁判所飯田支部,農地
R09/02/17,福岡地方裁判所柳川支部,農地
R09/02/17,青森地方裁判所弘前支部,特別売却（農地）
R09/02/17,大津地方裁判所本庁,特別売却（農地）
R09/02/18,秋田地方裁判所横手支部,通常
R09/02/18,長野地方裁判所本庁,通常
R09/02/18,長野地方裁判所松本支部,通常
R09/02/18,長野地方裁判所伊那支部,通常
R09/02/18,青森地方裁判所八戸支部,特別売却
R09/02/18,横浜地方裁判所小田原支部,特別売却
R09/02/18,横浜地方裁判所相模原支部,特別売却
R09/02/18,長野地方裁判所飯田支部,特別売却
R09/02/18,長野地方裁判所佐久支部,特別売却
R09/02/18,徳島地方裁判所本庁,特別売却
R09/02/18,長野地方裁判所本庁,農地
R09/02/18,横浜地方裁判所小田原支部,特別売却（農地）
R09/02/18,横浜地方裁判所相模原支部,特別売却（農地）
R09/02/18,長野地方裁判所飯田支部,特別売却（農地）
R09/02/18,長野地方裁判所佐久支部,特別売却（農地）
R09/02/18,徳島地方裁判所本庁,特別売却（農地）
R09/02/18,高知地方裁判所本庁,特別売却（農地）
R09/02/19,盛岡地方裁判所一関支部,通常
R09/02/19,横浜地方裁判所横須賀支部,特別売却
R09/02/19,新潟地方裁判所高田支部,特別売却
R09/02/19,青森地方裁判所本庁,特別売却（農地）
R09/02/19,横浜地方裁判所横須賀支部,特別売却（農地）
R09/02/19,新潟地方裁判所高田支部,特別売却（農地）
R09/02/22,福岡地方裁判所小倉支部,通常
R09/02/22,水戸地方裁判所本庁,特別売却
R09/02/22,水戸地方裁判所土浦支部,特別売却
R09/02/22,福岡地方裁判所小倉支部,農地
R09/02/22,函館地方裁判所本庁,特別売却（農地）
R09/02/22,水戸地方裁判所本庁,特別売却（農地）
R09/02/22,水戸地方裁判所土浦支部,特別売却（農地）
R09/02/24,山口地方裁判所下関支部,通常
R09/02/24,山口地方裁判所下関支部,農地
R09/02/25,和歌山地方裁判所御坊支部,通常
R09/02/25,東京地方裁判所本庁,特別売却
R09/02/25,名古屋地方裁判所一宮支部,特別売却
R09/02/25,名古屋地方裁判所豊橋支部,特別売却
R09/02/25,和歌山地方裁判所御坊支部,農地
R09/02/25,名古屋地方裁判所一宮支部,特別売却（農地）
R09/02/25,名古屋地方裁判所豊橋支部,特別売却（農地）
R09/02/26,名古屋地方裁判所岡崎支部,特別売却
R09/02/26,名古屋地方裁判所岡崎支部,特別売却（農地）
R09/03/02,青森地方裁判所弘前支部,通常
R09/03/02,青森地方裁判所弘前支部,農地
R09/03/03,水戸地方裁判所本庁,通常
R09/03/03,前橋地方裁判所高崎支部,通常
R09/03/03,福岡地方裁判所八女支部,通常
R09/03/03,東京地方裁判所立川支部,特別売却
R09/03/03,横浜地方裁判所本庁,特別売却
R09/03/03,水戸地方裁判所本庁,農地
R09/03/03,前橋地方裁判所高崎支部,農地
R09/03/04,前橋地方裁判所高崎支部,特別売却
R09/03/04,福井地方裁判所本庁,特別売却
R09/03/04,長野地方裁判所諏訪支部,特別売却
R09/03/04,前橋地方裁判所高崎支部,特別売却（農地）
R09/03/04,福井地方裁判所本庁,特別売却（農地）
R09/03/04,長野地方裁判所諏訪支部,特別売却（農地）
R09/03/05,新潟地方裁判所長岡支部,特別売却
R09/03/05,新潟地方裁判所長岡支部,特別売却（農地）
R09/03/05,松山地方裁判所本庁,特別売却（農地）
R09/03/08,水戸地方裁判所土浦支部,通常
R09/03/08,新潟地方裁判所佐渡支部,特別売却
R09/03/08,水戸地方裁判所土浦支部,農地
R09/03/08,新潟地方裁判所佐渡支部,特別売却（農地）
R09/03/09,新潟地方裁判所本庁,特別売却
R09/03/09,新潟地方裁判所本庁,特別売却（農地）
R09/03/10,福岡地方裁判所飯塚支部,通常
R09/03/10,旭川地方裁判所本庁,特別売却
R09/03/10,旭川地方裁判所本庁,特別売却（農地）
R09/03/10,静岡地方裁判所本庁,特別売却（農地）
R09/03/11,和歌山地方裁判所新宮支部,通常
R09/03/11,東京地方裁判所本庁,特別売却
R09/03/11,金沢地方裁判所本庁,特別売却（農地）
R09/03/11,静岡地方裁判所沼津支部,特別売却（農地）
R09/03/11,静岡地方裁判所浜松支部,特別売却（農地）
R09/03/11,静岡地方裁判所富士支部,特別売却（農地）
R09/03/12,長野地方裁判所上田支部,特別売却
R09/03/12,長野地方裁判所上田支部,特別売却（農地）
R09/03/16,徳島地方裁判所本庁,通常
R09/03/16,徳島地方裁判所本庁,農地
R09/03/17,秋田地方裁判所大曲支部,通常
R09/03/17,長野地方裁判所飯田支部,通常
R09/03/17,長野地方裁判所佐久支部,通常
R09/03/17,青森地方裁判所弘前支部,特別売却
R09/03/17,横浜地方裁判所本庁,特別売却
R09/03/17,長野地方裁判所佐久支部,農地
R09/03/17,青森地方裁判所弘前支部,特別売却（農地）
R09/03/17,横浜地方裁判所本庁,特別売却（農地）
R09/03/18,秋田地方裁判所横手支部,通常
R09/03/18,長野地方裁判所本庁,通常
R09/03/18,長野地方裁判所松本支部,通常
R09/03/18,横浜地方裁判所小田原支部,特別売却
R09/03/18,横浜地方裁判所相模原支部,特別売却
R09/03/18,徳島地方裁判所本庁,特別売却
R09/03/18,長野地方裁判所本庁,農地
R09/03/18,長野地方裁判所松本支部,農地
R09/03/18,長野地方裁判所伊那支部,農地
R09/03/18,横浜地方裁判所小田原支部,特別売却（農地）
R09/03/18,名古屋地方裁判所一宮支部,特別売却（農地）
R09/03/18,名古屋地方裁判所豊橋支部,特別売却（農地）
R09/03/18,徳島地方裁判所本庁,特別売却（農地）
R09/03/19,盛岡地方裁判所一関支部,通常
R09/03/19,和歌山地方裁判所田辺支部,通常
R09/03/19,横浜地方裁判所横須賀支部,特別売却
R09/03/19,長野地方裁判所本庁,特別売却
R09/03/19,長野地方裁判所松本支部,特別売却
R09/03/19,長野地方裁判所伊那支部,特別売却
R09/03/19,横浜地方裁判所横須賀支部,特別売却（農地）
R09/03/19,長野地方裁判所本庁,特別売却（農地）
R09/03/19,長野地方裁判所松本支部,特別売却（農地）
R09/03/19,長野地方裁判所伊那支部,特別売却（農地）
R09/03/19,名古屋地方裁判所岡崎支部,特別売却（農地）
R09/03/23,福島地方裁判所いわき支部,通常
R09/03/23,大津地方裁判所本庁,通常
R09/03/23,福岡地方裁判所小倉支部,通常
R09/03/23,佐賀地方裁判所本庁,通常
R09/03/23,水戸地方裁判所本庁,特別売却
R09/03/23,水戸地方裁判所土浦支部,特別売却
R09/03/23,佐賀地方裁判所本庁,農地
R09/03/23,水戸地方裁判所本庁,特別売却（農地）
R09/03/23,水戸地方裁判所土浦支部,特別売却（農地）
R09/03/24,山口地方裁判所下関支部,通常
R09/03/24,福岡地方裁判所柳川支部,通常
R09/03/25,長野地方裁判所上田支部,通常
R09/03/25,長野地方裁判所上田支部,農地
R09/03/31,青森地方裁判所弘前支部,通常
R09/03/31,長野地方裁判所諏訪支部,通常
R09/04/05,長崎地方裁判所本庁,通常
R09/04/05,長崎地方裁判所本庁,農地
R09/04/07,水戸地方裁判所本庁,通常
R09/04/07,水戸地方裁判所本庁,農地
R09/04/12,水戸地方裁判所土浦支部,通常
R09/04/12,水戸地方裁判所土浦支部,農地
R09/04/13,大津地方裁判所本庁,通常
R09/04/14,前橋地方裁判所高崎支部,通常
R09/04/15,長野地方裁判所飯田支部,特別売却
R09/04/15,長野地方裁判所佐久支部,特別売却
R09/04/15,横浜地方裁判所小田原支部,特別売却（農地）
R09/04/15,長野地方裁判所飯田支部,特別売却（農地）
R09/04/15,長野地方裁判所佐久支部,特別売却（農地）
R09/04/16,和歌山地方裁判所本庁,通常
R09/04/19,水戸地方裁判所本庁,特別売却
R09/04/19,水戸地方裁判所土浦支部,特別売却
R09/04/19,水戸地方裁判所本庁,特別売却（農地）
R09/04/19,水戸地方裁判所土浦支部,特別売却（農地）
R09/04/21,青森地方裁判所弘前支部,特別売却
R09/04/21,大津地方裁判所本庁,特別売却
R09/04/21,旭川地方裁判所本庁,特別売却（農地）
R09/04/21,青森地方裁判所弘前支部,特別売却（農地）
R09/04/21,静岡地方裁判所本庁,特別売却（農地）
R09/04/22,和歌山地方裁判所御坊支部,通常
R09/04/22,前橋地方裁判所高崎支部,特別売却
R09/04/22,徳島地方裁判所本庁,特別売却
R09/04/22,和歌山地方裁判所御坊支部,農地
R09/04/22,前橋地方裁判所高崎支部,特別売却（農地）
R09/04/22,金沢地方裁判所本庁,特別売却（農地）
R09/04/22,静岡地方裁判所沼津支部,特別売却（農地）
R09/04/22,静岡地方裁判所浜松支部,特別売却（農地）
R09/04/22,静岡地方裁判所富士支部,特別売却（農地）
R09/04/22,徳島地方裁判所本庁,特別売却（農地）
R09/04/23,長野地方裁判所本庁,特別売却
R09/04/23,長野地方裁判所上田支部,特別売却
R09/04/23,長野地方裁判所松本支部,特別売却
R09/04/23,長野地方裁判所本庁,特別売却（農地）
R09/04/23,長野地方裁判所上田支部,特別売却（農地）
R09/04/23,大津地方裁判所長浜支部,特別売却（農地）
R09/04/27,福岡地方裁判所小倉支部,通常
R09/04/27,佐賀地方裁判所本庁,通常
R09/04/27,佐賀地方裁判所本庁,農地
R09/04/30,長野地方裁判所諏訪支部,特別売却
R09/04/30,長野地方裁判所諏訪支部,特別売却（農地）
R09/05/06,水戸地方裁判所本庁,通常
R09/05/06,水戸地方裁判所本庁,農地
R09/05/10,水戸地方裁判所土浦支部,通常
R09/05/19,青森地方裁判所弘前支部,特別売却
R09/05/19,青森地方裁判所弘前支部,特別売却（農地）
R09/05/20,横浜地方裁判所小田原支部,特別売却（農地）
R09/05/20,徳島地方裁判所本庁,特別売却（農地）
R09/05/21,長野地方裁判所本庁,特別売却（農地）
R09/05/21,長野地方裁判所松本支部,特別売却（農地）
R09/05/21,長野地方裁判所伊那支部,特別売却（農地）
R09/05/24,水戸地方裁判所本庁,特別売却
R09/05/24,水戸地方裁判所土浦支部,特別売却
R09/05/24,水戸地方裁判所本庁,特別売却（農地）
R09/05/24,水戸地方裁判所土浦支部,特別売却（農地）
R09/05/25,福岡地方裁判所小倉支部,通常
R09/05/25,佐賀地方裁判所本庁,通常
R09/05/25,佐賀地方裁判所本庁,農地
R09/05/26,前橋地方裁判所高崎支部,通常
R09/05/26,大津地方裁判所本庁,特別売却
R09/05/26,前橋地方裁判所高崎支部,農地
R09/05/27,前橋地方裁判所高崎支部,特別売却
R09/05/27,前橋地方裁判所高崎支部,特別売却（農地）
R09/05/27,長野地方裁判所佐久支部,特別売却（農地）
R09/06/02,水戸地方裁判所本庁,通常
R09/06/02,水戸地方裁判所本庁,農地
R09/06/04,長野地方裁判所上田支部,特別売却（農地）
R09/06/07,水戸地方裁判所土浦支部,通常
R09/06/07,水戸地方裁判所土浦支部,農地
R09/06/17,徳島地方裁判所本庁,特別売却（農地）
R09/06/21,水戸地方裁判所本庁,特別売却
R09/06/21,水戸地方裁判所土浦支部,特別売却
R09/06/21,水戸地方裁判所本庁,特別売却（農地）
R09/06/21,水戸地方裁判所土浦支部,特別売却（農地）
R09/07/08,前橋地方裁判所高崎支部,特別売却
R09/07/08,前橋地方裁判所高崎支部,特別売却（農地）
R09/07/20,佐賀地方裁判所本庁,通常
R09/07/20,水戸地方裁判所本庁,特別売却
R09/07/20,水戸地方裁判所土浦支部,特別売却
R09/07/20,佐賀地方裁判所本庁,農地
R09/07/20,水戸地方裁判所本庁,特別売却（農地）
R09/07/20,水戸地方裁判所土浦支部,特別売却（農地）
R09/07/28,前橋地方裁判所高崎支部,通常
R09/07/28,前橋地方裁判所高崎支部,農地
R09/08/02,水戸地方裁判所土浦支部,通常
R09/08/04,水戸地方裁判所本庁,通常
R09/08/04,水戸地方裁判所本庁,農地
R09/08/17,佐賀地方裁判所本庁,通常
R09/08/17,佐賀地方裁判所本庁,農地
R09/08/30,水戸地方裁判所土浦支部,通常
R09/09/01,水戸地方裁判所本庁,通常
R09/09/01,前橋地方裁判所高崎支部,通常
R09/09/09,前橋地方裁判所高崎支部,特別売却
R09/09/09,前橋地方裁判所高崎支部,特別売却（農地）
R09/09/13,水戸地方裁判所土浦支部,特別売却
R09/09/13,水戸地方裁判所土浦支部,特別売却（農地）
R09/09/21,佐賀地方裁判所本庁,通常
R09/09/21,水戸地方裁判所本庁,特別売却
R09/09/21,水戸地方裁判所本庁,特別売却（農地）
R09/09/29,水戸地方裁判所本庁,通常
R09/10/04,水戸地方裁判所土浦支部,通常
R09/10/06,前橋地方裁判所高崎支部,通常
R09/10/12,水戸地方裁判所土浦支部,特別売却
R09/10/14,前橋地方裁判所高崎支部,特別売却
R09/10/18,水戸地方裁判所本庁,特別売却
R09/10/18,水戸地方裁判所本庁,特別売却（農地）
R09/10/19,佐賀地方裁判所本庁,通常
R09/10/27,水戸地方裁判所本庁,通常
R09/11/01,水戸地方裁判所土浦支部,通常
R09/11/15,水戸地方裁判所本庁,特別売却
R09/11/15,水戸地方裁判所土浦支部,特別売却
R09/11/16,佐賀地方裁判所本庁,通常
R09/11/18,前橋地方裁判所高崎支部,特別売却
R09/11/18,前橋地方裁判所高崎支部,特別売却（農地）
R09/12/13,水戸地方裁判所本庁,特別売却
R09/12/13,水戸地方裁判所土浦支部,特別売却
